"","Study","Ref_index","Location","Country","Outbreak","Region","Years","Year.Mid","Decade","Age.group","Age.min","Age.max","Mean.Age","Cases","Deaths","CFR"
"1","Mathur 1973","31","AjEMR, India","India","Outbreak","SEAR","1961-1970",1965,1960,"0-4",0,4,2.5,198,29,0.15
"2","Mathur 1973","31","AjEMR, India","India","Outbreak","SEAR","1961-1970",1965,1960,"5-9",5,9,7.5,103,15,0.15
"3","Mathur 1973","31","AjEMR, India","India","Outbreak","SEAR","1961-1970",1965,1960,"≥10",10,80,45.5,40,2,0.05
"4","Sinclair et al. 1971","48","Alabama","United States",NA,"AMR","1967",1967,1960,"1",1,1,1.5,1,1,1
"5","Sinclair et al. 1971","48","Alabama","United States",NA,"AMR","1967",1967,1960,"2",2,2,2.5,1,0,0
"6","Sinclair et al. 1971","48","Alabama","United States",NA,"AMR","1967",1967,1960,"3",3,3,3.5,2,0,0
"7","Sinclair et al. 1971","48","Alabama","United States",NA,"AMR","1967",1967,1960,"4",4,4,4.5,2,0,0
"8","Sinclair et al. 1971","48","Alabama","United States",NA,"AMR","1967",1967,1960,"5",5,5,5.5,1,0,0
"9","Sinclair et al. 1971","48","Alabama","United States",NA,"AMR","1967",1967,1960,"6",6,6,6.5,2,1,0.5
"10","Sinclair et al. 1971","48","Alabama","United States",NA,"AMR","1967",1967,1960,"7",7,7,7.5,3,2,0.67
"11","Sinclair et al. 1971","48","Alabama","United States",NA,"AMR","1967",1967,1960,"8",8,8,8.5,2,0,0
"12","Sinclair et al. 1971","48","Alabama","United States",NA,"AMR","1967",1967,1960,"10",10,10,10.5,2,0,0
"13","Sinclair et al. 1971","48","Alabama","United States",NA,"AMR","1967",1967,1960,"12",12,12,12.5,1,0,0
"14","Sinclair et al. 1971","48","Alabama","United States",NA,"AMR","1967",1967,1960,"19",19,19,19.5,1,0,0
"15","Sinclair et al. 1971","48","Alabama","United States",NA,"AMR","1967",1967,1960,"40-50",40,50,45.5,1,1,1
"16","Kumar 1971","121","Allahabad, India","India","Outbreak","SEAR","1969",1969,1960,"0-1",0,0,0.5,36,17,0.47
"17","Kumar 1971","121","Allahabad, India","India","Outbreak","SEAR","1969",1969,1960,"1-2",1,2,2,39,12,0.31
"18","Kumar 1971","121","Allahabad, India","India","Outbreak","SEAR","1969",1969,1960,"3-5",3,5,4.5,32,5,0.16
"19","Kumar 1971","121","Allahabad, India","India","Outbreak","SEAR","1969",1969,1960,"6-10",6,10,8.5,12,3,0.25
"20","Kumar 1971","121","Allahabad, India","India","Outbreak","SEAR","1969",1969,1960,"11-15",11,15,13.5,1,0,0
"51","Armenia","345","Armenia","Armenia",NA,"NIS","1990-1996",1993,1990,"0-1",0,0,0.5,0,0,0
"52","Armenia","345","Armenia","Armenia",NA,"NIS","1990-1996",1993,1990,"1-4",1,4,3,10,0,0
"53","Armenia","345","Armenia","Armenia",NA,"NIS","1990-1996",1993,1990,"5-14",5,14,10,33,6,0.18
"54","Armenia","345","Armenia","Armenia",NA,"NIS","1990-1996",1993,1990,"15-19",15,19,17.5,6,0,0
"55","Armenia","345","Armenia","Armenia",NA,"NIS","1990-1996",1993,1990,"20-29",20,29,25,5,1,0.2
"56","Armenia","345","Armenia","Armenia",NA,"NIS","1990-1996",1993,1990,"30-39",30,39,35,15,0,0
"57","Armenia","345","Armenia","Armenia",NA,"NIS","1990-1996",1993,1990,"40-49",40,49,45,9,3,0.33
"58","Armenia","345","Armenia","Armenia",NA,"NIS","1990-1996",1993,1990,"50-59",50,59,55,3,1,0.33
"59","Armenia","345","Armenia","Armenia",NA,"NIS","1990-1996",1993,1990,"≥60",60,60,60.5,3,1,0.33
"60","Saikia et al. 2010","14","Assam, India","India",NA,"SEAR","2009",2009,2000,"11",11,11,11.5,1,0,0
"61","Saikia et al. 2010","14","Assam, India","India",NA,"SEAR","2009",2009,2000,"13",13,13,13.5,2,1,0.5
"62","Saikia et al. 2010","14","Assam, India","India",NA,"SEAR","2009",2009,2000,"15",15,15,15.5,1,0,0
"63","Saikia et al. 2010","14","Assam, India","India",NA,"SEAR","2009",2009,2000,"17",17,17,17.5,1,1,1
"64","Saikia et al. 2010","14","Assam, India","India",NA,"SEAR","2009",2009,2000,"18",18,18,18.5,1,0,0
"65","Saikia et al. 2010","14","Assam, India","India",NA,"SEAR","2009",2009,2000,"20",20,20,20.5,2,0,0
"66","Saikia et al. 2010","14","Assam, India","India",NA,"SEAR","2009",2009,2000,"30",30,30,30.5,1,0,0
"67","Saikia et al. 2010","14","Assam, India","India",NA,"SEAR","2009",2009,2000,"65",65,65,65.5,1,0,0
"68","Choremis 1947","347","Athens, Greece","Greece","Outbreak","EUR","1946-1947",1946,1940,"0-1",0,0,0.5,12,7,0.58
"69","Choremis 1947","347","Athens, Greece","Greece","Outbreak","EUR","1946-1947",1946,1940,"2",2,2,2.5,30,8,0.27
"70","Choremis 1947","347","Athens, Greece","Greece","Outbreak","EUR","1946-1947",1946,1940,"3",3,3,3.5,14,2,0.14
"71","Choremis 1947","347","Athens, Greece","Greece","Outbreak","EUR","1946-1947",1946,1940,"4",4,4,4.5,4,0,0
"72","Choremis 1947","347","Athens, Greece","Greece","Outbreak","EUR","1946-1947",1946,1940,"5",5,5,5.5,1,0,0
"73","Choremis 1947","347","Athens, Greece","Greece","Outbreak","EUR","1946-1947",1946,1940,"6",6,6,6.5,1,1,1
"74","Choremis 1947","347","Athens, Greece","Greece","Outbreak","EUR","1946-1947",1946,1940,"7",7,7,7.5,3,0,0
"75","Choremis 1947","347","Athens, Greece","Greece","Outbreak","EUR","1946-1947",1946,1940,"8",8,8,8.5,0,0,0
"76","Choremis 1947","347","Athens, Greece","Greece","Outbreak","EUR","1946-1947",1946,1940,"9",9,9,9.5,1,0,0
"77","Choremis 1947","347","Athens, Greece","Greece","Outbreak","EUR","1946-1947",1946,1940,"10",10,10,10.5,0,0,0
"78","Choremis 1947","347","Athens, Greece","Greece","Outbreak","EUR","1946-1947",1946,1940,"11",11,11,11.5,0,0,0
"79","Austin","646","Austin","USA",NA,"AMR","1967-1969",1968,1960,"0-4",0,4,2.5,21,NA,NA
"80","Austin","646","Austin","USA",NA,"AMR","1967-1969",1968,1960,"5-9",5,9,7.5,33,NA,NA
"81","Austin","646","Austin","USA",NA,"AMR","1967-1969",1968,1960,"10-14",10,14,12.5,12,NA,NA
"82","Austin","646","Austin","USA",NA,"AMR","1967-1969",1968,1960,"15-19",15,19,17.5,9,NA,NA
"83","Austin","646","Austin","USA",NA,"AMR","1967-1969",1968,1960,"20-24",20,24,22.5,13,NA,NA
"84","Austin","646","Austin","USA",NA,"AMR","1967-1969",1968,1960,"25-29",25,29,27.5,0,NA,NA
"85","Austin","646","Austin","USA",NA,"AMR","1967-1969",1968,1960,"30-34",30,34,32.5,0,NA,NA
"86","Austin","646","Austin","USA",NA,"AMR","1967-1969",1968,1960,"35-39",35,39,37.5,0,NA,NA
"87","Austin","646","Austin","USA",NA,"AMR","1967-1969",1968,1960,"40-44",40,44,42.5,0,NA,NA
"88","Austin","646","Austin","USA",NA,"AMR","1967-1969",1968,1960,"45-49",45,49,47.5,0,NA,NA
"89","Austin","646","Austin","USA",NA,"AMR","1967-1969",1968,1960,"50-54",50,54,52.5,0,NA,NA
"90","Austin","646","Austin","USA",NA,"AMR","1967-1969",1968,1960,"55-59",55,59,57.5,0,NA,NA
"91","Austin","646","Austin","USA",NA,"AMR","1967-1969",1968,1960,"60+",60,80,70.5,0,NA,NA
"92","Azerbaijan","339","Azerbaijan","Azerbaijan",NA,"NIS","1990-1996",1993,1990,"0-1",0,0,0.5,7,2,0.29
"93","Azerbaijan","339","Azerbaijan","Azerbaijan",NA,"NIS","1990-1996",1993,1990,"1-4",1,4,3,166,36,0.22
"94","Azerbaijan","339","Azerbaijan","Azerbaijan",NA,"NIS","1990-1996",1993,1990,"5-14",5,14,10,967,175,0.18
"95","Azerbaijan","339","Azerbaijan","Azerbaijan",NA,"NIS","1990-1996",1993,1990,"15-19",15,19,17.5,313,30,0.1
"96","Azerbaijan","339","Azerbaijan","Azerbaijan",NA,"NIS","1990-1996",1993,1990,"20-29",20,29,25,377,28,0.07
"97","Azerbaijan","339","Azerbaijan","Azerbaijan",NA,"NIS","1990-1996",1993,1990,"30-39",30,39,35,263,11,0.04
"98","Azerbaijan","339","Azerbaijan","Azerbaijan",NA,"NIS","1990-1996",1993,1990,"40-49",40,49,45,61,4,0.07
"99","Azerbaijan","339","Azerbaijan","Azerbaijan",NA,"NIS","1990-1996",1993,1990,"50-59",50,59,55,15,0,0
"100","Azerbaijan","339","Azerbaijan","Azerbaijan",NA,"NIS","1990-1996",1993,1990,"≥60",60,60,60.5,1,0,0
"101","Baltimore","69","Baltimore","USA",NA,"AMR","1944",1944,1940,"0-4",0,4,2.5,27,NA,NA
"102","Baltimore","69","Baltimore","USA",NA,"AMR","1944",1944,1940,"5-9",5,9,7.5,65,NA,NA
"103","Baltimore","69","Baltimore","USA",NA,"AMR","1944",1944,1940,"10-14",10,14,12.5,21,NA,NA
"104","Baltimore","69","Baltimore","USA",NA,"AMR","1944",1944,1940,"≥15",15,70,43,18,NA,NA
"105","Belarus","338","Belarus","Belarus",NA,"NIS","1992-1997",1994,1990,"0-4",0,4,2.5,42,4,0.1
"106","Belarus","338","Belarus","Belarus",NA,"NIS","1992-1997",1994,1990,"5-14",5,14,10,210,4,0.02
"107","Belarus","338","Belarus","Belarus",NA,"NIS","1992-1997",1994,1990,"15-19",15,19,17.5,118,0,0
"108","Belarus","338","Belarus","Belarus",NA,"NIS","1992-1997",1994,1990,"20-29",20,29,25,161,1,0.01
"109","Belarus","338","Belarus","Belarus",NA,"NIS","1992-1997",1994,1990,"30-39",30,39,35,202,5,0.02
"110","Belarus","338","Belarus","Belarus",NA,"NIS","1992-1997",1994,1990,"40-49",40,49,45,179,11,0.06
"111","Belarus","338","Belarus","Belarus",NA,"NIS","1992-1997",1994,1990,"50-59",50,59,55,45,1,0.02
"112","Belarus","338","Belarus","Belarus",NA,"NIS","1992-1997",1994,1990,"≥60",60,80,70.5,8,0,0
"113","Buri Ram, Thailand","15","Buri Ram, Thailand","Thailand",NA,"SEAR","1996",1996,1990,"<5",0,4,2.5,26,0,0
"114","Buri Ram, Thailand","15","Buri Ram, Thailand","Thailand",NA,"SEAR","1996",1996,1990,"5-9",5,9,7.5,52,0,0
"115","Buri Ram, Thailand","15","Buri Ram, Thailand","Thailand",NA,"SEAR","1996",1996,1990,"10-14",10,14,12.5,19,0,0
"116","Buri Ram, Thailand","15","Buri Ram, Thailand","Thailand",NA,"SEAR","1996",1996,1990,"≥15",15,80,48,3,0,0
"117","EpiBull 2001","269","Cali, Colombia","Colombia","Outbreak","AMR","2000",2000,2000,"0-4",0,4,2.5,2,NA,NA
"118","EpiBull 2001","269","Cali, Colombia","Colombia","Outbreak","AMR","2000",2000,2000,"5-9",5,9,7.5,4,NA,NA
"119","EpiBull 2001","269","Cali, Colombia","Colombia","Outbreak","AMR","2000",2000,2000,"10-14",10,14,12.5,1,NA,NA
"120","EpiBull 2001","269","Cali, Colombia","Colombia","Outbreak","AMR","2000",2000,2000,"15-19",15,19,17.5,1,NA,NA
"121","Charleston, SC","185","Charleston, SC","USA",NA,"AMR","1962-1964",1963,1960,"0-5",0,4,2.5,19,3,0.16
"122","Charleston, SC","185","Charleston, SC","USA",NA,"AMR","1962-1964",1963,1960,"5-10",5,9,7.5,10,0,0
"123","Charleston, SC","185","Charleston, SC","USA",NA,"AMR","1962-1964",1963,1960,"≥10",10,80,45.5,7,1,0.14
"124","Chicago","225","Chicago","USA",NA,"AMR","1960-1970",1965,1960,"1-4",1,4,3,20,NA,NA
"125","Chicago","225","Chicago","USA",NA,"AMR","1960-1970",1965,1960,"5-9",5,9,7.5,25,NA,NA
"126","Chicago","225","Chicago","USA",NA,"AMR","1960-1970",1965,1960,"10-14",10,14,12.5,14,NA,NA
"127","Chicago","225","Chicago","USA",NA,"AMR","1960-1970",1965,1960,"15-19",15,19,17.5,2,NA,NA
"128","Chicago","225","Chicago","USA",NA,"AMR","1960-1970",1965,1960,"20-39",20,39,30,11,NA,NA
"129","Chicago","225","Chicago","USA",NA,"AMR","1960-1970",1965,1960,"≥40",40,80,60.5,2,NA,NA
"130","Graham-Smith 1901","675","Colchester","UK",NA,"EUR","1901",1901,1900,"0-14y",0,14,7.5,135,16,0.12
"131","Graham-Smith 1901","675","Colchester","UK",NA,"EUR","1901",1901,1900,"15+",15,80,48,68,2,0.03
"132","Graham-Smith 1901","675","Colchester","UK",NA,"EUR","1901",1901,1900,"0-14y",0,14,7.5,73,20,0.27
"133","Graham-Smith 1901","675","Colchester","UK",NA,"EUR","1901",1901,1900,"15+",15,80,48,9,1,0.11
"134","Colchester Hospital","67","Colchester Hospital","UK","Yes","EUR","1970",1970,1970,"11-14",11,14,13,4,NA,NA
"135","Colchester Hospital","67","Colchester Hospital","UK","Yes","EUR","1970",1970,1970,"15-19",15,19,17.5,11,NA,NA
"136","Colchester Hospital","67","Colchester Hospital","UK","Yes","EUR","1970",1970,1970,"20-24",20,24,22.5,14,NA,NA
"137","Colchester Hospital","67","Colchester Hospital","UK","Yes","EUR","1970",1970,1970,"25-29",25,29,27.5,9,NA,NA
"138","Colchester Hospital","67","Colchester Hospital","UK","Yes","EUR","1970",1970,1970,"30-34",30,34,32.5,4,NA,NA
"139","Colchester Hospital","67","Colchester Hospital","UK","Yes","EUR","1970",1970,1970,"35-39",35,39,37.5,1,NA,NA
"140","Colchester Hospital","67","Colchester Hospital","UK","Yes","EUR","1970",1970,1970,"40-44",40,44,42.5,4,NA,NA
"141","Colchester Hospital","67","Colchester Hospital","UK","Yes","EUR","1970",1970,1970,"45-49",45,49,47.5,8,NA,NA
"142","Colchester Hospital","67","Colchester Hospital","UK","Yes","EUR","1970",1970,1970,"50-54",50,54,52.5,6,NA,NA
"143","Colchester Hospital","67","Colchester Hospital","UK","Yes","EUR","1970",1970,1970,"55-59",55,59,57.5,1,NA,NA
"144","Colchester Hospital","67","Colchester Hospital","UK","Yes","EUR","1970",1970,1970,"60-65",60,65,63,2,NA,NA
"145","Ammundsen 1947","720","Coppenhagen","Denmark","Outbreak","EUR","1943-1944",1943,1940,"<1",0,0,0.5,9,1,0.11
"146","Ammundsen 1947","720","Coppenhagen","Denmark","Outbreak","EUR","1943-1944",1943,1940,"1-4y",1,4,3,53,6,0.11
"147","Ammundsen 1947","720","Coppenhagen","Denmark","Outbreak","EUR","1943-1944",1943,1940,"5-14y",5,14,10,62,7,0.11
"148","Ammundsen 1947","720","Coppenhagen","Denmark","Outbreak","EUR","1943-1944",1943,1940,"15-29y",15,29,22.5,116,7,0.06
"149","Ammundsen 1947","720","Coppenhagen","Denmark","Outbreak","EUR","1943-1944",1943,1940,"30+",30,80,55.5,113,12,0.11
"150","Lycett & George 1953","75","Coseley, England","England",NA,"EUR","1951",1951,1950,"0-4y",0,4,2.5,21,0,0
"151","Lycett & George 1953","75","Coseley, England","England",NA,"EUR","1951",1951,1950,"5-14y",5,14,10,71,5,0.07
"152","Lycett & George 1953","75","Coseley, England","England",NA,"EUR","1951",1951,1950,"15+",15,80,48,16,1,0.06
"153","Singh 1999","260","Delhi, India","India","Outbreak","SEAR","1997",1997,1990,"<1",0,0,0.5,20,10,0.5
"154","Singh 1999","260","Delhi, India","India","Outbreak","SEAR","1997",1997,1990,"1-4",1,4,3,73,22,0.3
"155","Singh 1999","260","Delhi, India","India","Outbreak","SEAR","1997",1997,1990,"5-9",5,9,7.5,38,13,0.34
"156","Singh 1999","260","Delhi, India","India","Outbreak","SEAR","1997",1997,1990,"≥10",10,18,14.5,12,0,0
"157","Dibrugarh District, Assam","457","Dibrugarh District, Assam","India",NA,"SEAR","2008",2008,2000,"0-4",0,4,2.5,4,NA,NA
"158","Dibrugarh District, Assam","457","Dibrugarh District, Assam","India",NA,"SEAR","2008",2008,2000,"5-9",5,9,7.5,7,NA,NA
"159","Dibrugarh District, Assam","457","Dibrugarh District, Assam","India",NA,"SEAR","2008",2008,2000,"10-14",10,14,12.5,12,NA,NA
"160","Dibrugarh District, Assam","457","Dibrugarh District, Assam","India",NA,"SEAR","2008",2008,2000,"15-19",15,19,17.5,8,NA,NA
"161","Dibrugarh District, Assam","457","Dibrugarh District, Assam","India",NA,"SEAR","2008",2008,2000,"20-44",20,44,32.5,24,NA,NA
"162","Dibrugarh District, Assam","457","Dibrugarh District, Assam","India",NA,"SEAR","2008",2008,2000,"≥45",45,80,63,5,NA,NA
"163","Lys 1890","54","Dorsetshire, England","UK","Outbreak","EUR","1890",1890,1890,"0-10y",0,10,5.5,60,NA,NA
"164","Lys 1890","54","Dorsetshire, England","UK","Outbreak","EUR","1890",1890,1890,"11-20y",11,20,16,30,NA,NA
"165","Lys 1890","54","Dorsetshire, England","UK","Outbreak","EUR","1890",1890,1890,"0-10y",21,70,46,8,NA,NA
"166","Both 2015","753","England","UK","Outbreak","EUR","2007-2013",2009,2000,"0-4",0,4,2.5,0,NA,NA
"167","Both 2015","753","England","UK","Outbreak","EUR","2007-2013",2009,2000,"4-14",4,14,9.5,1,NA,NA
"168","Both 2015","753","England","UK","Outbreak","EUR","2007-2013",2009,2000,"14-24",14,24,19.5,2,NA,NA
"169","Both 2015","753","England","UK","Outbreak","EUR","2007-2013",2009,2000,"25-44",25,44,35,0,NA,NA
"170","Both 2015","753","England","UK","Outbreak","EUR","2007-2013",2009,2000,"45-64",45,64,55,3,NA,NA
"171","Both 2015","753","England","UK","Outbreak","EUR","2007-2013",2009,2000,"≥65",65,80,73,2,NA,NA
"172","Esher","66","Esher","UK",NA,"EUR","1946",1946,1940,"6",6,6,6.5,2,NA,NA
"173","Esher","66","Esher","UK",NA,"EUR","1946",1946,1940,"7",7,7,7.5,0,NA,NA
"174","Esher","66","Esher","UK",NA,"EUR","1946",1946,1940,"8",8,8,8.5,3,NA,NA
"175","Esher","66","Esher","UK",NA,"EUR","1946",1946,1940,"9",9,9,9.5,1,NA,NA
"176","Esher","66","Esher","UK",NA,"EUR","1946",1946,1940,"10",10,10,10.5,1,NA,NA
"177","Esher","66","Esher","UK",NA,"EUR","1946",1946,1940,"11",11,11,11.5,0,NA,NA
"178","Esher","66","Esher","UK",NA,"EUR","1946",1946,1940,"12",12,12,12.5,2,NA,NA
"179","Esher","66","Esher","UK",NA,"EUR","1946",1946,1940,"13",13,13,13.5,3,NA,NA
"180","Esher","66","Esher","UK",NA,"EUR","1946",1946,1940,"14",14,14,14.5,6,NA,NA
"181","Esher","66","Esher","UK",NA,"EUR","1946",1946,1940,"15",15,15,15.5,5,NA,NA
"182","Esher","66","Esher","UK",NA,"EUR","1946",1946,1940,"16",16,16,16.5,0,NA,NA
"183","Esher","66","Esher","UK",NA,"EUR","1946",1946,1940,"17",17,17,17.5,1,NA,NA
"184","Estonia","228","Estonia","Estonia",NA,"NIS","1991-1996",1993,1990,"1-4",1,4,3,5,NA,NA
"185","Estonia","228","Estonia","Estonia",NA,"NIS","1991-1996",1993,1990,"5-9",5,9,7.5,19,NA,NA
"186","Estonia","228","Estonia","Estonia",NA,"NIS","1991-1996",1993,1990,"10-14",10,14,12.5,3,NA,NA
"187","Estonia","228","Estonia","Estonia",NA,"NIS","1991-1996",1993,1990,"15-19",15,19,17.5,7,NA,NA
"188","Estonia","228","Estonia","Estonia",NA,"NIS","1991-1996",1993,1990,"20-29",20,29,25,3,NA,NA
"189","Estonia","228","Estonia","Estonia",NA,"NIS","1991-1996",1993,1990,"30-39",30,39,35,6,NA,NA
"190","Estonia","228","Estonia","Estonia",NA,"NIS","1991-1996",1993,1990,"40-49",40,49,45,11,NA,NA
"191","Estonia","228","Estonia","Estonia",NA,"NIS","1991-1996",1993,1990,"50-59",50,59,55,6,NA,NA
"192","Heyworth 1973","249","Gambia","Gambia","Outbreak","AFR","1971",1971,1970,"0-1",0,0,0.5,1,0,0
"193","Heyworth 1973","249","Gambia","Gambia","Outbreak","AFR","1971",1971,1970,"1-2",1,1,1.5,1,0,0
"194","Heyworth 1973","249","Gambia","Gambia","Outbreak","AFR","1971",1971,1970,"2-3",2,2,2.5,6,0,0
"195","Heyworth 1973","249","Gambia","Gambia","Outbreak","AFR","1971",1971,1970,"3-4",3,3,3.5,1,1,1
"196","Goole","335","Goole","UK",NA,"EUR","1901-1903",1902,1900,"<1",0,0,0.5,2,NA,NA
"197","Goole","335","Goole","UK",NA,"EUR","1901-1903",1902,1900,"1-5",1,4,3,55,NA,NA
"198","Goole","335","Goole","UK",NA,"EUR","1901-1903",1902,1900,"5-15",5,15,10.5,116,NA,NA
"199","Goole","335","Goole","UK",NA,"EUR","1901-1903",1902,1900,"15-25",15,24,20,18,NA,NA
"200","Goole","335","Goole","UK",NA,"EUR","1901-1903",1902,1900,"25-65",25,64,45,22,NA,NA
"201","Goole","335","Goole","UK",NA,"EUR","1901-1903",1902,1900,"65",65,80,73,1,NA,NA
"202","Goteborg, Sweden","62","Goteborg, Sweden","Sweeden",NA,"EUR","1984-85",1984,1980,"9",9,9,9.5,1,0,0
"203","Goteborg, Sweden","62","Goteborg, Sweden","Sweeden",NA,"EUR","1984-85",1984,1980,"26",26,26,26.5,1,0,0
"204","Goteborg, Sweden","62","Goteborg, Sweden","Sweeden",NA,"EUR","1984-85",1984,1980,"26",26,26,26.5,1,1,1
"205","Goteborg, Sweden","62","Goteborg, Sweden","Sweeden",NA,"EUR","1984-85",1984,1980,"28",28,28,28.5,2,1,0.5
"206","Goteborg, Sweden","62","Goteborg, Sweden","Sweeden",NA,"EUR","1984-85",1984,1980,"29",29,29,29.5,1,0,0
"207","Goteborg, Sweden","62","Goteborg, Sweden","Sweeden",NA,"EUR","1984-85",1984,1980,"34",34,34,34.5,2,0,0
"208","Goteborg, Sweden","62","Goteborg, Sweden","Sweeden",NA,"EUR","1984-85",1984,1980,"37",37,37,37.5,1,0,0
"209","Goteborg, Sweden","62","Goteborg, Sweden","Sweeden",NA,"EUR","1984-85",1984,1980,"42",42,42,42.5,1,0,0
"210","Goteborg, Sweden","62","Goteborg, Sweden","Sweeden",NA,"EUR","1984-85",1984,1980,"49",49,49,49.5,1,0,0
"211","Goteborg, Sweden","62","Goteborg, Sweden","Sweeden",NA,"EUR","1984-85",1984,1980,"62",62,62,62.5,1,1,1
"212","Goteborg, Sweden","62","Goteborg, Sweden","Sweeden",NA,"EUR","1984-85",1984,1980,"80",80,80,80.5,1,0,0
"217","Halifax","658","Halifax","Canada",NA,"AMR","1946",1946,1940,"0-14",0,14,7.5,274,NA,NA
"218","Halifax","658","Halifax","Canada",NA,"AMR","1946",1946,1940,"14-29",15,29,22.5,535,NA,NA
"219","Halifax","658","Halifax","Canada",NA,"AMR","1946",1946,1940,"≥30",30,80,55.5,82,NA,NA
"220","Ho Chi Min City, Vietnam","332","Ho Chi Min City, Vietnam","Vietnam",NA,"SEAR","2003",2003,2000,"1-3",1,3,2.5,36,0,0
"221","Ho Chi Min City, Vietnam","332","Ho Chi Min City, Vietnam","Vietnam",NA,"SEAR","2003",2003,2000,"4-6",4,6,5.5,25,0,0
"222","Ho Chi Min City, Vietnam","332","Ho Chi Min City, Vietnam","Vietnam",NA,"SEAR","2003",2003,2000,"7-9",7,9,8.5,17,0,0
"223","Ho Chi Min City, Vietnam","332","Ho Chi Min City, Vietnam","Vietnam",NA,"SEAR","2003",2003,2000,"10-14",10,14,12.5,9,0,0
"224","Ho Chi Min City, Vietnam","332","Ho Chi Min City, Vietnam","Vietnam",NA,"SEAR","2003",2003,2000,"≥15",15,80,48,1,0,0
"225","Chakravorty 1974","383","India","India",NA,"SEAR","1970",1970,1970,"0-1",0,0,0.5,701,NA,NA
"226","Chakravorty 1974","383","India","India",NA,"SEAR","1970",1970,1970,"1-5",1,4,3,565,NA,NA
"227","Chakravorty 1974","383","India","India",NA,"SEAR","1970",1970,1970,"5-10",5,9,7.5,278,NA,NA
"228","Chakravorty 1974","383","India","India",NA,"SEAR","1970",1970,1970,"≥10",10,18,14.5,181,NA,NA
"229","Chakravorty 1974","383","India","India",NA,"SEAR","1970",1970,1970,"0-1",0,0,0.5,36,NA,NA
"230","Chakravorty 1974","383","India","India",NA,"SEAR","1970",1970,1970,"1-5",1,4,3,29,NA,NA
"231","Chakravorty 1974","383","India","India",NA,"SEAR","1970",1970,1970,"5-10",5,9,7.5,10,NA,NA
"232","Chakravorty 1974","383","India","India",NA,"SEAR","1970",1970,1970,"≥10",10,18,14.5,9,NA,NA
"233","Chakravorty 1974","383","India","India",NA,"SEAR","1970",1970,1970,"0-1",0,0,0.5,13,NA,NA
"234","Chakravorty 1974","383","India","India",NA,"SEAR","1970",1970,1970,"1-5",1,4,3,6,NA,NA
"235","Chakravorty 1974","383","India","India",NA,"SEAR","1970",1970,1970,"5-10",5,9,7.5,4,NA,NA
"236","Chakravorty 1974","383","India","India",NA,"SEAR","1970",1970,1970,"≥10",10,18,14.5,6,NA,NA
"237","MOHANTA AND PARIJA 1974","497","India","India",NA,"SEAR","1970-72",1971,1970,"<1",0,0,0.5,2,NA,NA
"238","MOHANTA AND PARIJA 1974","497","India","India",NA,"SEAR","1970-72",1971,1970,"1-2",1,1,1.5,20,NA,NA
"239","MOHANTA AND PARIJA 1974","497","India","India",NA,"SEAR","1970-72",1971,1970,"2-3",2,2,2.5,24,NA,NA
"240","MOHANTA AND PARIJA 1974","497","India","India",NA,"SEAR","1970-72",1971,1970,"3-4",3,3,3.5,16,NA,NA
"241","MOHANTA AND PARIJA 1974","497","India","India",NA,"SEAR","1970-72",1971,1970,"4-5",4,5,5,11,NA,NA
"242","MOHANTA AND PARIJA 1974","497","India","India",NA,"SEAR","1970-72",1971,1970,"5-6",5,5,5.5,6,NA,NA
"243","MOHANTA AND PARIJA 1974","497","India","India",NA,"SEAR","1970-72",1971,1970,"6-8",6,7,7,3,NA,NA
"244","MOHANTA AND PARIJA 1974","497","India","India",NA,"SEAR","1970-72",1971,1970,"8-10",8,10,9.5,3,NA,NA
"245","MOHANTA AND PARIJA 1974","497","India","India",NA,"SEAR","1970-72",1971,1970,"10-14",10,14,12.5,1,NA,NA
"246","Norton 1907","690","Isleworth, England","England","Outbreak","EUR","1906-1907",1907,1900,"3",3,3,3.5,5,0,0
"247","Norton 1907","690","Isleworth, England","England","Outbreak","EUR","1906-1907",1907,1900,"4",4,4,4.5,8,0,0
"248","Norton 1907","690","Isleworth, England","England","Outbreak","EUR","1906-1907",1907,1900,"5",5,5,5.5,8,0,0
"249","Norton 1907","690","Isleworth, England","England","Outbreak","EUR","1906-1907",1907,1900,"6",6,6,6.5,9,0,0
"250","Norton 1907","690","Isleworth, England","England","Outbreak","EUR","1906-1907",1907,1900,"7-9y",7,9,8.5,13,2,0.15
"251","Norton 1907","690","Isleworth, England","England","Outbreak","EUR","1906-1907",1907,1900,"10-12y",10,12,11.5,12,0,0
"252","Norton 1907","690","Isleworth, England","England","Outbreak","EUR","1906-1907",1907,1900,"13-15y",13,15,14.5,19,0,0
"253","Aminullah et al. 1968","2","Jakarta, Indonesia","Indonesia",NA,"SEAR","1965-1967",1966,1960,"0-2",0,1,1,133,48,0.36
"254","Aminullah et al. 1968","2","Jakarta, Indonesia","Indonesia",NA,"SEAR","1965-1967",1966,1960,"2-4",2,3,3,150,37,0.25
"255","Aminullah et al. 1968","2","Jakarta, Indonesia","Indonesia",NA,"SEAR","1965-1967",1966,1960,"4-6",4,5,5,68,14,0.21
"256","Aminullah et al. 1968","2","Jakarta, Indonesia","Indonesia",NA,"SEAR","1965-1967",1966,1960,"6-8",6,7,7,29,2,0.07
"257","Aminullah et al. 1968","2","Jakarta, Indonesia","Indonesia",NA,"SEAR","1965-1967",1966,1960,"8-10",8,10,10,5,1,0.2
"258","Aminullah et al. 1968","2","Jakarta, Indonesia","Indonesia",NA,"SEAR","1965-1967",1966,1960,"10-12",10,12,11.5,11,1,0.09
"259","Vyse et al. 1953",NA,"Jamacia","Jamacia",NA,"AMR","1939",1939,1930,"0-4",0,4,2.5,71,NA,NA
"260","Vyse et al. 1953",NA,"Jamacia","Jamacia",NA,"AMR","1939",1939,1930,"5-9",5,9,7.5,9,NA,NA
"261","Vyse et al. 1953",NA,"Jamacia","Jamacia",NA,"AMR","1939",1939,1930,"10-14",10,14,12.5,1,NA,NA
"262","Vyse et al. 1953",NA,"Jamacia","Jamacia",NA,"AMR","1939",1939,1930,"15-19",15,19,17.5,4,NA,NA
"263","Vyse et al. 1953",NA,"Jamacia","Jamacia",NA,"AMR","1939",1939,1930,"20-24",20,24,22.5,6,NA,NA
"264","Vyse et al. 1953",NA,"Jamacia","Jamacia",NA,"AMR","1939",1939,1930,"25-34",25,34,30,3,NA,NA
"265","Vyse et al. 1953",NA,"Jamacia","Jamacia",NA,"AMR","1939",1939,1930,"35-44",35,44,40,1,NA,NA
"266","Vyse et al. 1953",NA,"Jamacia","Jamacia",NA,"AMR","1939",1939,1930,"45-54",45,54,50,1,NA,NA
"267","Vyse et al. 1953",NA,"Jamacia","Jamacia",NA,"AMR","1939",1939,1930,"55-64",55,64,60,0,NA,NA
"268","Vyse et al. 1953",NA,"Jamacia","Jamacia",NA,"AMR","1939",1939,1930,"65",65,80,73,0,NA,NA
"269","Vyse et al. 1953",NA,"Jamacia","Jamacia",NA,"AMR","1940",1940,1940,"0-4",0,4,2.5,33,NA,NA
"270","Vyse et al. 1953",NA,"Jamacia","Jamacia",NA,"AMR","1940",1940,1940,"5-9",5,9,7.5,11,NA,NA
"271","Vyse et al. 1953",NA,"Jamacia","Jamacia",NA,"AMR","1940",1940,1940,"10-14",10,14,12.5,2,NA,NA
"272","Vyse et al. 1953",NA,"Jamacia","Jamacia",NA,"AMR","1940",1940,1940,"15-19",15,19,17.5,1,NA,NA
"273","Vyse et al. 1953",NA,"Jamacia","Jamacia",NA,"AMR","1940",1940,1940,"20-24",20,24,22.5,7,NA,NA
"274","Vyse et al. 1953",NA,"Jamacia","Jamacia",NA,"AMR","1940",1940,1940,"25-34",25,34,30,2,NA,NA
"275","Vyse et al. 1953",NA,"Jamacia","Jamacia",NA,"AMR","1940",1940,1940,"35-44",35,44,40,2,NA,NA
"276","Vyse et al. 1953",NA,"Jamacia","Jamacia",NA,"AMR","1940",1940,1940,"45-54",45,54,50,1,NA,NA
"277","Vyse et al. 1953",NA,"Jamacia","Jamacia",NA,"AMR","1940",1940,1940,"55-64",55,64,60,0,NA,NA
"278","Vyse et al. 1953",NA,"Jamacia","Jamacia",NA,"AMR","1940",1940,1940,"65",65,80,73,1,NA,NA
"279","Vyse et al. 1953",NA,"Jamacia","Jamacia",NA,"AMR","1941",1941,1940,"0-4",0,4,2.5,35,NA,NA
"280","Vyse et al. 1953",NA,"Jamacia","Jamacia",NA,"AMR","1941",1941,1940,"5-9",5,9,7.5,4,NA,NA
"281","Vyse et al. 1953",NA,"Jamacia","Jamacia",NA,"AMR","1941",1941,1940,"10-14",10,14,12.5,2,NA,NA
"282","Vyse et al. 1953",NA,"Jamacia","Jamacia",NA,"AMR","1941",1941,1940,"15-19",15,19,17.5,3,NA,NA
"283","Vyse et al. 1953",NA,"Jamacia","Jamacia",NA,"AMR","1941",1941,1940,"20-24",20,24,22.5,3,NA,NA
"284","Vyse et al. 1953",NA,"Jamacia","Jamacia",NA,"AMR","1941",1941,1940,"25-34",25,34,30,2,NA,NA
"285","Vyse et al. 1953",NA,"Jamacia","Jamacia",NA,"AMR","1941",1941,1940,"35-44",35,44,40,0,NA,NA
"286","Vyse et al. 1953",NA,"Jamacia","Jamacia",NA,"AMR","1941",1941,1940,"45-54",45,54,50,0,NA,NA
"287","Vyse et al. 1953",NA,"Jamacia","Jamacia",NA,"AMR","1941",1941,1940,"55-64",55,64,60,0,NA,NA
"288","Vyse et al. 1953",NA,"Jamacia","Jamacia",NA,"AMR","1941",1941,1940,"65",65,80,73,0,NA,NA
"289","Vyse et al. 1953",NA,"Jamacia","Jamacia",NA,"AMR","1942",1942,1940,"0-4",0,4,2.5,32,NA,NA
"290","Vyse et al. 1953",NA,"Jamacia","Jamacia",NA,"AMR","1942",1942,1940,"5-9",5,9,7.5,1,NA,NA
"291","Vyse et al. 1953",NA,"Jamacia","Jamacia",NA,"AMR","1942",1942,1940,"10-14",10,14,12.5,3,NA,NA
"292","Vyse et al. 1953",NA,"Jamacia","Jamacia",NA,"AMR","1942",1942,1940,"15-19",15,19,17.5,3,NA,NA
"293","Vyse et al. 1953",NA,"Jamacia","Jamacia",NA,"AMR","1942",1942,1940,"20-24",20,24,22.5,4,NA,NA
"294","Vyse et al. 1953",NA,"Jamacia","Jamacia",NA,"AMR","1942",1942,1940,"25-34",25,34,30,3,NA,NA
"295","Vyse et al. 1953",NA,"Jamacia","Jamacia",NA,"AMR","1942",1942,1940,"35-44",35,44,40,1,NA,NA
"296","Vyse et al. 1953",NA,"Jamacia","Jamacia",NA,"AMR","1942",1942,1940,"45-54",45,54,50,0,NA,NA
"297","Vyse et al. 1953",NA,"Jamacia","Jamacia",NA,"AMR","1942",1942,1940,"55-64",55,64,60,0,NA,NA
"298","Vyse et al. 1953",NA,"Jamacia","Jamacia",NA,"AMR","1942",1942,1940,"65",65,80,73,0,NA,NA
"299","Vyse et al. 1953",NA,"Jamacia","Jamacia",NA,"AMR","1943",1943,1940,"0-4",0,4,2.5,44,NA,NA
"300","Vyse et al. 1953",NA,"Jamacia","Jamacia",NA,"AMR","1943",1943,1940,"5-9",5,9,7.5,8,NA,NA
"301","Vyse et al. 1953",NA,"Jamacia","Jamacia",NA,"AMR","1943",1943,1940,"10-14",10,14,12.5,4,NA,NA
"302","Vyse et al. 1953",NA,"Jamacia","Jamacia",NA,"AMR","1943",1943,1940,"15-19",15,19,17.5,2,NA,NA
"303","Vyse et al. 1953",NA,"Jamacia","Jamacia",NA,"AMR","1943",1943,1940,"20-24",20,24,22.5,4,NA,NA
"304","Vyse et al. 1953",NA,"Jamacia","Jamacia",NA,"AMR","1943",1943,1940,"25-34",25,34,30,1,NA,NA
"305","Vyse et al. 1953",NA,"Jamacia","Jamacia",NA,"AMR","1943",1943,1940,"35-44",35,44,40,0,NA,NA
"306","Vyse et al. 1953",NA,"Jamacia","Jamacia",NA,"AMR","1943",1943,1940,"45-54",45,54,50,0,NA,NA
"307","Vyse et al. 1953",NA,"Jamacia","Jamacia",NA,"AMR","1943",1943,1940,"55-64",55,64,60,0,NA,NA
"308","Vyse et al. 1953",NA,"Jamacia","Jamacia",NA,"AMR","1943",1943,1940,"65",65,80,73,0,NA,NA
"309","Vyse et al. 1953",NA,"Jamacia","Jamacia",NA,"AMR","1944",1944,1940,"0-4",0,4,2.5,73,NA,NA
"310","Vyse et al. 1953",NA,"Jamacia","Jamacia",NA,"AMR","1944",1944,1940,"5-9",5,9,7.5,5,NA,NA
"311","Vyse et al. 1953",NA,"Jamacia","Jamacia",NA,"AMR","1944",1944,1940,"10-14",10,14,12.5,3,NA,NA
"312","Vyse et al. 1953",NA,"Jamacia","Jamacia",NA,"AMR","1944",1944,1940,"15-19",15,19,17.5,4,NA,NA
"313","Vyse et al. 1953",NA,"Jamacia","Jamacia",NA,"AMR","1944",1944,1940,"20-24",20,24,22.5,5,NA,NA
"314","Vyse et al. 1953",NA,"Jamacia","Jamacia",NA,"AMR","1944",1944,1940,"25-34",25,34,30,1,NA,NA
"315","Vyse et al. 1953",NA,"Jamacia","Jamacia",NA,"AMR","1944",1944,1940,"35-44",35,44,40,1,NA,NA
"316","Vyse et al. 1953",NA,"Jamacia","Jamacia",NA,"AMR","1944",1944,1940,"45-54",45,54,50,0,NA,NA
"317","Vyse et al. 1953",NA,"Jamacia","Jamacia",NA,"AMR","1944",1944,1940,"55-64",55,64,60,0,NA,NA
"318","Vyse et al. 1953",NA,"Jamacia","Jamacia",NA,"AMR","1944",1944,1940,"65",65,80,73,0,NA,NA
"319","Vyse et al. 1953",NA,"Jamacia","Jamacia",NA,"AMR","1945",1945,1940,"0-4",0,4,2.5,115,NA,NA
"320","Vyse et al. 1953",NA,"Jamacia","Jamacia",NA,"AMR","1945",1945,1940,"5-9",5,9,7.5,6,NA,NA
"321","Vyse et al. 1953",NA,"Jamacia","Jamacia",NA,"AMR","1945",1945,1940,"10-14",10,14,12.5,11,NA,NA
"322","Vyse et al. 1953",NA,"Jamacia","Jamacia",NA,"AMR","1945",1945,1940,"15-19",15,19,17.5,8,NA,NA
"323","Vyse et al. 1953",NA,"Jamacia","Jamacia",NA,"AMR","1945",1945,1940,"20-24",20,24,22.5,6,NA,NA
"324","Vyse et al. 1953",NA,"Jamacia","Jamacia",NA,"AMR","1945",1945,1940,"25-34",25,34,30,3,NA,NA
"325","Vyse et al. 1953",NA,"Jamacia","Jamacia",NA,"AMR","1945",1945,1940,"35-44",35,44,40,0,NA,NA
"326","Vyse et al. 1953",NA,"Jamacia","Jamacia",NA,"AMR","1945",1945,1940,"45-54",45,54,50,1,NA,NA
"327","Vyse et al. 1953",NA,"Jamacia","Jamacia",NA,"AMR","1945",1945,1940,"55-64",55,64,60,0,NA,NA
"328","Vyse et al. 1953",NA,"Jamacia","Jamacia",NA,"AMR","1945",1945,1940,"65",65,80,73,0,NA,NA
"329","Vyse et al. 1953",NA,"Jamacia","Jamacia",NA,"AMR","1946",1946,1940,"0-4",0,4,2.5,56,NA,NA
"330","Vyse et al. 1953",NA,"Jamacia","Jamacia",NA,"AMR","1946",1946,1940,"5-9",5,9,7.5,8,NA,NA
"331","Vyse et al. 1953",NA,"Jamacia","Jamacia",NA,"AMR","1946",1946,1940,"10-14",10,14,12.5,1,NA,NA
"332","Vyse et al. 1953",NA,"Jamacia","Jamacia",NA,"AMR","1946",1946,1940,"15-19",15,19,17.5,5,NA,NA
"333","Vyse et al. 1953",NA,"Jamacia","Jamacia",NA,"AMR","1946",1946,1940,"20-24",20,24,22.5,5,NA,NA
"334","Vyse et al. 1953",NA,"Jamacia","Jamacia",NA,"AMR","1946",1946,1940,"25-34",25,34,30,2,NA,NA
"335","Vyse et al. 1953",NA,"Jamacia","Jamacia",NA,"AMR","1946",1946,1940,"35-44",35,44,40,0,NA,NA
"336","Vyse et al. 1953",NA,"Jamacia","Jamacia",NA,"AMR","1946",1946,1940,"45-54",45,54,50,0,NA,NA
"337","Vyse et al. 1953",NA,"Jamacia","Jamacia",NA,"AMR","1946",1946,1940,"55-64",55,64,60,1,NA,NA
"338","Vyse et al. 1953",NA,"Jamacia","Jamacia",NA,"AMR","1946",1946,1940,"65",65,80,73,0,NA,NA
"339","Vyse et al. 1953",NA,"Jamacia","Jamacia",NA,"AMR","1947",1947,1940,"0-4",0,4,2.5,38,NA,NA
"340","Vyse et al. 1953",NA,"Jamacia","Jamacia",NA,"AMR","1947",1947,1940,"5-9",5,9,7.5,6,NA,NA
"341","Vyse et al. 1953",NA,"Jamacia","Jamacia",NA,"AMR","1947",1947,1940,"10-14",10,14,12.5,2,NA,NA
"342","Vyse et al. 1953",NA,"Jamacia","Jamacia",NA,"AMR","1947",1947,1940,"15-19",15,19,17.5,4,NA,NA
"343","Vyse et al. 1953",NA,"Jamacia","Jamacia",NA,"AMR","1947",1947,1940,"20-24",20,24,22.5,1,NA,NA
"344","Vyse et al. 1953",NA,"Jamacia","Jamacia",NA,"AMR","1947",1947,1940,"25-34",25,34,30,1,NA,NA
"345","Vyse et al. 1953",NA,"Jamacia","Jamacia",NA,"AMR","1947",1947,1940,"35-44",35,44,40,0,NA,NA
"346","Vyse et al. 1953",NA,"Jamacia","Jamacia",NA,"AMR","1947",1947,1940,"45-54",45,54,50,1,NA,NA
"347","Vyse et al. 1953",NA,"Jamacia","Jamacia",NA,"AMR","1947",1947,1940,"55-64",55,64,60,0,NA,NA
"348","Vyse et al. 1953",NA,"Jamacia","Jamacia",NA,"AMR","1947",1947,1940,"65",65,80,73,0,NA,NA
"349","Vyse et al. 1953",NA,"Jamacia","Jamacia",NA,"AMR","1948",1948,1940,"0-4",0,4,2.5,27,NA,NA
"350","Vyse et al. 1953",NA,"Jamacia","Jamacia",NA,"AMR","1948",1948,1940,"5-9",5,9,7.5,17,NA,NA
"351","Vyse et al. 1953",NA,"Jamacia","Jamacia",NA,"AMR","1948",1948,1940,"10-14",10,14,12.5,2,NA,NA
"352","Vyse et al. 1953",NA,"Jamacia","Jamacia",NA,"AMR","1948",1948,1940,"15-19",15,19,17.5,1,NA,NA
"353","Vyse et al. 1953",NA,"Jamacia","Jamacia",NA,"AMR","1948",1948,1940,"20-24",20,24,22.5,0,NA,NA
"354","Vyse et al. 1953",NA,"Jamacia","Jamacia",NA,"AMR","1948",1948,1940,"25-34",25,34,30,2,NA,NA
"355","Vyse et al. 1953",NA,"Jamacia","Jamacia",NA,"AMR","1948",1948,1940,"35-44",35,44,40,0,NA,NA
"356","Vyse et al. 1953",NA,"Jamacia","Jamacia",NA,"AMR","1948",1948,1940,"45-54",45,54,50,1,NA,NA
"357","Vyse et al. 1953",NA,"Jamacia","Jamacia",NA,"AMR","1948",1948,1940,"55-64",55,64,60,0,NA,NA
"358","Vyse et al. 1953",NA,"Jamacia","Jamacia",NA,"AMR","1948",1948,1940,"65",65,80,73,0,NA,NA
"359","Vyse et al. 1953",NA,"Jamacia","Jamacia",NA,"AMR","1949",1949,1940,"0-4",0,4,2.5,39,NA,NA
"360","Vyse et al. 1953",NA,"Jamacia","Jamacia",NA,"AMR","1949",1949,1940,"5-9",5,9,7.5,10,NA,NA
"361","Vyse et al. 1953",NA,"Jamacia","Jamacia",NA,"AMR","1949",1949,1940,"10-14",10,14,12.5,2,NA,NA
"362","Vyse et al. 1953",NA,"Jamacia","Jamacia",NA,"AMR","1949",1949,1940,"15-19",15,19,17.5,0,NA,NA
"363","Vyse et al. 1953",NA,"Jamacia","Jamacia",NA,"AMR","1949",1949,1940,"20-24",20,24,22.5,0,NA,NA
"364","Vyse et al. 1953",NA,"Jamacia","Jamacia",NA,"AMR","1949",1949,1940,"25-34",25,34,30,2,NA,NA
"365","Vyse et al. 1953",NA,"Jamacia","Jamacia",NA,"AMR","1949",1949,1940,"35-44",35,44,40,0,NA,NA
"366","Vyse et al. 1953",NA,"Jamacia","Jamacia",NA,"AMR","1949",1949,1940,"45-54",45,54,50,0,NA,NA
"367","Vyse et al. 1953",NA,"Jamacia","Jamacia",NA,"AMR","1949",1949,1940,"55-64",55,64,60,0,NA,NA
"368","Vyse et al. 1953",NA,"Jamacia","Jamacia",NA,"AMR","1949",1949,1940,"65",65,80,73,0,NA,NA
"369","Vyse et al. 1953",NA,"Jamacia","Jamacia",NA,"AMR","1950",1950,1950,"0-4",0,4,2.5,21,NA,NA
"370","Vyse et al. 1953",NA,"Jamacia","Jamacia",NA,"AMR","1950",1950,1950,"5-9",5,9,7.5,9,NA,NA
"371","Vyse et al. 1953",NA,"Jamacia","Jamacia",NA,"AMR","1950",1950,1950,"10-14",10,14,12.5,0,NA,NA
"372","Vyse et al. 1953",NA,"Jamacia","Jamacia",NA,"AMR","1950",1950,1950,"15-19",15,19,17.5,0,NA,NA
"373","Vyse et al. 1953",NA,"Jamacia","Jamacia",NA,"AMR","1950",1950,1950,"20-24",20,24,22.5,0,NA,NA
"374","Vyse et al. 1953",NA,"Jamacia","Jamacia",NA,"AMR","1950",1950,1950,"25-34",25,34,30,1,NA,NA
"375","Vyse et al. 1953",NA,"Jamacia","Jamacia",NA,"AMR","1950",1950,1950,"35-44",35,44,40,1,NA,NA
"376","Vyse et al. 1953",NA,"Jamacia","Jamacia",NA,"AMR","1950",1950,1950,"45-54",45,54,50,0,NA,NA
"377","Vyse et al. 1953",NA,"Jamacia","Jamacia",NA,"AMR","1950",1950,1950,"55-64",55,64,60,0,NA,NA
"378","Vyse et al. 1953",NA,"Jamacia","Jamacia",NA,"AMR","1950",1950,1950,"65",65,80,73,0,NA,NA
"379","Vyse et al. 1953",NA,"Jamacia","Jamacia",NA,"AMR","1951",1951,1950,"0-4",0,4,2.5,30,NA,NA
"380","Vyse et al. 1953",NA,"Jamacia","Jamacia",NA,"AMR","1951",1951,1950,"5-9",5,9,7.5,15,NA,NA
"381","Vyse et al. 1953",NA,"Jamacia","Jamacia",NA,"AMR","1951",1951,1950,"10-14",10,14,12.5,2,NA,NA
"382","Vyse et al. 1953",NA,"Jamacia","Jamacia",NA,"AMR","1951",1951,1950,"15-19",15,19,17.5,0,NA,NA
"383","Vyse et al. 1953",NA,"Jamacia","Jamacia",NA,"AMR","1951",1951,1950,"20-24",20,24,22.5,1,NA,NA
"384","Vyse et al. 1953",NA,"Jamacia","Jamacia",NA,"AMR","1951",1951,1950,"25-34",25,34,30,2,NA,NA
"385","Vyse et al. 1953",NA,"Jamacia","Jamacia",NA,"AMR","1951",1951,1950,"35-44",35,44,40,0,NA,NA
"386","Vyse et al. 1953",NA,"Jamacia","Jamacia",NA,"AMR","1951",1951,1950,"45-54",45,54,50,0,NA,NA
"387","Vyse et al. 1953",NA,"Jamacia","Jamacia",NA,"AMR","1951",1951,1950,"55-64",55,64,60,0,NA,NA
"388","Vyse et al. 1953",NA,"Jamacia","Jamacia",NA,"AMR","1951",1951,1950,"65",65,80,73,0,NA,NA
"389","Jiangling, China","350","Jiangling, China","China","Yes","SEAR","1988",1988,1980,"0-7y",0,7,4,10,NA,NA
"390","Jiangling, China","350","Jiangling, China","China","Yes","SEAR","1988",1988,1980,"8-15y",8,15,12,12,NA,NA
"391","Jiangling, China","350","Jiangling, China","China","Yes","SEAR","1988",1988,1980,"16-20y",16,20,18.5,9,NA,NA
"392","Jiangling, China","350","Jiangling, China","China","Yes","SEAR","1988",1988,1980,"21-30",21,30,26,38,NA,NA
"393","Jiangling, China","350","Jiangling, China","China","Yes","SEAR","1988",1988,1980,"31-40",31,40,36,30,NA,NA
"394","Jiangling, China","350","Jiangling, China","China","Yes","SEAR","1988",1988,1980,"41+",41,80,61,6,NA,NA
"395","Khuri-Bulos 1980","233","Jordan","Jordan","Outbreak","EMR","1977",1978,1970,"2-3",2,2,2.5,2,2,1
"396","Khuri-Bulos 1980","233","Jordan","Jordan","Outbreak","EMR","1977",1978,1970,"3-4",3,3,3.5,5,1,0.19
"397","Khuri-Bulos 1980","233","Jordan","Jordan","Outbreak","EMR","1977",1978,1970,"4-5",4,4,4.5,5,1,0.2
"398","Khuri-Bulos 1980","233","Jordan","Jordan","Outbreak","EMR","1977",1978,1970,"5-6",5,5,5.5,2,1,0.5
"399","Khuri-Bulos 1980","233","Jordan","Jordan","Outbreak","EMR","1977",1978,1970,"6-7",6,6,6.5,4,2,0.5
"400","Khuri-Bulos 1980","233","Jordan","Jordan","Outbreak","EMR","1977",1978,1970,"7-8",7,7,7.5,2,0,0
"401","Khuri-Bulos 1980","233","Jordan","Jordan","Outbreak","EMR","1977",1978,1970,"8-9",8,8,8.5,2,0,0
"402","Khuri-Bulos 1980","233","Jordan","Jordan","Outbreak","EMR","1977",1978,1970,"10-11",10,10,10.5,1,1,1
"403","Khuri-Bulos 1980","233","Jordan","Jordan","Outbreak","EMR","1977",1978,1970,"11-12",11,11,11.5,1,0,0
"404","Khuri-Bulos 1980","233","Jordan","Jordan","Outbreak","EMR","1977",1978,1970,"12-13",12,12,12.5,1,0,0
"405","Khuri-Bulos 1980","233","Jordan","Jordan","Outbreak","EMR","1977",1978,1970,"13-14",13,13,13.5,1,0,0
"406","Khuri-Bulos 1980","233","Jordan","Jordan","Outbreak","EMR","1977",1978,1970,"25-26",25,25,25.5,1,0,0
"407","Khuri-Bulos 1988","649","Jordan","Jordan","Outbreak","EMR","1982-83",1982,1980,"0-4",0,4,2.5,10,NA,NA
"408","Khuri-Bulos 1988","649","Jordan","Jordan","Outbreak","EMR","1982-83",1982,1980,"5-9",5,9,7.5,12,NA,NA
"409","Khuri-Bulos 1988","649","Jordan","Jordan","Outbreak","EMR","1982-83",1982,1980,"10-14",10,14,12.5,38,NA,NA
"410","Khuri-Bulos 1988","649","Jordan","Jordan","Outbreak","EMR","1982-83",1982,1980,"15-19",15,19,17.5,19,NA,NA
"411","Khuri-Bulos 1988","649","Jordan","Jordan","Outbreak","EMR","1982-83",1982,1980,"20-24",20,24,22.5,5,NA,NA
"412","Khuri-Bulos 1988","649","Jordan","Jordan","Outbreak","EMR","1982-83",1982,1980,"25-29",25,29,27.5,7,NA,NA
"413","Khuri-Bulos 1988","649","Jordan","Jordan","Outbreak","EMR","1982-83",1982,1980,"30-34",30,34,32.5,4,NA,NA
"414","Khuri-Bulos 1988","649","Jordan","Jordan","Outbreak","EMR","1982-83",1982,1980,"35-39",35,39,37.5,3,NA,NA
"415","Khuri-Bulos 1988","649","Jordan","Jordan","Outbreak","EMR","1982-83",1982,1980,"40-44",40,44,42.5,2,NA,NA
"416","Loevinsohn 1990",NA,"Jordan","Jordan","Outbreak","EMR","1979-82",1980,1980,"0-4",0,4,2.5,4,NA,NA
"417","Loevinsohn 1990",NA,"Jordan","Jordan","Outbreak","EMR","1979-82",1980,1980,"5-9",5,9,7.5,3,NA,NA
"418","Loevinsohn 1990",NA,"Jordan","Jordan","Outbreak","EMR","1979-82",1980,1980,"10-14",10,14,12.5,1,NA,NA
"419","Loevinsohn 1990",NA,"Jordan","Jordan","Outbreak","EMR","1979-82",1980,1980,"≥15",15,80,48,0,NA,NA
"420","Loevinsohn 1990",NA,"Jordan","Jordan","Outbreak","EMR","1982-83",1982,1980,"0-4",0,4,2.5,3,NA,NA
"421","Loevinsohn 1990",NA,"Jordan","Jordan","Outbreak","EMR","1982-83",1982,1980,"5-9",5,9,7.5,4,NA,NA
"422","Loevinsohn 1990",NA,"Jordan","Jordan","Outbreak","EMR","1982-83",1982,1980,"10-14",10,14,12.5,5,NA,NA
"423","Loevinsohn 1990",NA,"Jordan","Jordan","Outbreak","EMR","1982-83",1982,1980,"≥15",15,80,48,23,NA,NA
"424","Khuri-Bulos 1988","649","Jordan University Hospital","Jordan","Outbreak","EMR","1982-83",1982,1980,"0-4",0,4,2.5,3,NA,NA
"425","Khuri-Bulos 1988","649","Jordan University Hospital","Jordan","Outbreak","EMR","1982-83",1982,1980,"5-9",5,9,7.5,4,NA,NA
"426","Khuri-Bulos 1988","649","Jordan University Hospital","Jordan","Outbreak","EMR","1982-83",1982,1980,"10-14",10,14,12.5,5,NA,NA
"427","Khuri-Bulos 1988","649","Jordan University Hospital","Jordan","Outbreak","EMR","1982-83",1982,1980,"15-19",15,19,17.5,6,NA,NA
"428","Khuri-Bulos 1988","649","Jordan University Hospital","Jordan","Outbreak","EMR","1982-83",1982,1980,"20-24",20,24,22.5,6,NA,NA
"429","Khuri-Bulos 1988","649","Jordan University Hospital","Jordan","Outbreak","EMR","1982-83",1982,1980,"25-29",25,29,27.5,5,NA,NA
"430","Khuri-Bulos 1988","649","Jordan University Hospital","Jordan","Outbreak","EMR","1982-83",1982,1980,"30-34",30,34,32.5,2,NA,NA
"431","Khuri-Bulos 1988","649","Jordan University Hospital","Jordan","Outbreak","EMR","1982-83",1982,1980,"35-39",35,39,37.5,3,NA,NA
"432","Khuri-Bulos 1988","649","Jordan University Hospital","Jordan","Outbreak","EMR","1982-83",1982,1980,"40-44",40,44,42.5,1,NA,NA
"433","Kembabanova 2000","346","Kazakhstan","Kazakhstan","Outbreak","SEAR","1990-1996",1993,1990,"0-1y",0,1,1,50,4,0.08
"434","Kembabanova 2000","346","Kazakhstan","Kazakhstan","Outbreak","SEAR","1990-1996",1993,1990,"2-4y",2,4,3.5,151,12,0.08
"435","Kembabanova 2000","346","Kazakhstan","Kazakhstan","Outbreak","SEAR","1990-1996",1993,1990,"5-14y",5,14,10,580,51,0.09
"436","Kembabanova 2000","346","Kazakhstan","Kazakhstan","Outbreak","SEAR","1990-1996",1993,1990,"15-19y",15,19,17.5,315,13,0.04
"437","Kembabanova 2000","346","Kazakhstan","Kazakhstan","Outbreak","SEAR","1990-1996",1993,1990,"20-29",20,29,25,363,9,0.02
"438","Kembabanova 2000","346","Kazakhstan","Kazakhstan","Outbreak","SEAR","1990-1996",1993,1990,"30-39",30,39,35,374,17,0.05
"439","Kembabanova 2000","346","Kazakhstan","Kazakhstan","Outbreak","SEAR","1990-1996",1993,1990,"40-49",40,49,45,248,18,0.07
"440","Kembabanova 2000","346","Kazakhstan","Kazakhstan","Outbreak","SEAR","1990-1996",1993,1990,"50-59",50,59,55,135,12,0.09
"441","Kembabanova 2000","346","Kazakhstan","Kazakhstan","Outbreak","SEAR","1990-1996",1993,1990,">60",60,69,65,17,0,0
"442","Salih 1981","130","Khartoum","Sudan","Outbreak","AFR","1978",1978,1970,"0-1",0,1,1,1,NA,0
"443","Salih 1981","130","Khartoum","Sudan","Outbreak","AFR","1978",1978,1970,"2-5",3,5,4.5,19,NA,0
"444","Salih 1981","130","Khartoum","Sudan","Outbreak","AFR","1978",1978,1970,"6-10",6,10,8.5,6,NA,0
"445","Salih 1981","130","Khartoum","Sudan","Outbreak","AFR","1978",1978,1970,"11-15",11,15,13.5,3,NA,0
"446","Besa et al. 2014","275","Kimba, Nigeria","Nigeria",NA,"AFR","2011",2011,2010,"0-4y",0,4,2.5,21,8,0.38
"447","Besa et al. 2014","275","Kimba, Nigeria","Nigeria",NA,"AFR","2011",2011,2010,"5-9y",5,9,7.5,42,10,0.24
"448","Besa et al. 2014","275","Kimba, Nigeria","Nigeria",NA,"AFR","2011",2011,2010,"10-14y",10,14,12.5,16,2,0.13
"449","Besa et al. 2014","275","Kimba, Nigeria","Nigeria",NA,"AFR","2011",2011,2010,"15+",15,80,48,19,0,0
"450","Besa et al. 2014","275","Kimba, Nigeria","Nigeria",NA,"AFR","2011",2011,2010,"0-4",0,4,2.5,21,8,0.38
"451","Besa et al. 2014","275","Kimba, Nigeria","Nigeria",NA,"AFR","2011",2011,2010,"5-9",5,9,7.5,42,10,0.24
"452","Besa et al. 2014","275","Kimba, Nigeria","Nigeria",NA,"AFR","2011",2011,2010,"10-14",10,14,12.5,16,2,0.13
"453","Besa et al. 2014","275","Kimba, Nigeria","Nigeria",NA,"AFR","2011",2011,2010,"15+",15,80,48,19,0,0
"454","Mahomed 2017","60","KwaZula-Natal, South Africa","South Africa",NA,"AFR","2015",2015,2010,"4",4,4,4.5,1,0,0
"455","Mahomed 2017","60","KwaZula-Natal, South Africa","South Africa",NA,"AFR","2015",2015,2010,"5",5,5,5.5,1,0,0
"456","Mahomed 2017","60","KwaZula-Natal, South Africa","South Africa",NA,"AFR","2015",2015,2010,"8",8,8,8.5,3,1,0.33
"457","Mahomed 2017","60","KwaZula-Natal, South Africa","South Africa",NA,"AFR","2015",2015,2010,"9",9,9,9.5,2,0,0
"458","Mahomed 2017","60","KwaZula-Natal, South Africa","South Africa",NA,"AFR","2015",2015,2010,"11",11,11,11.5,2,0,0
"459","Mahomed 2017","60","KwaZula-Natal, South Africa","South Africa",NA,"AFR","2015",2015,2010,"13",13,13,13.5,2,1,0.5
"460","Mahomed 2017","60","KwaZula-Natal, South Africa","South Africa",NA,"AFR","2015",2015,2010,"17",17,17,17.5,1,0,0
"461","Mahomed 2017","60","KwaZula-Natal, South Africa","South Africa",NA,"AFR","2015",2015,2010,"21",21,21,21.5,1,1,1
"462","Mahomed 2017","60","KwaZula-Natal, South Africa","South Africa",NA,"AFR","2015",2015,2010,"35",35,35,35.5,1,0,0
"463","Mahomed 2017","60","KwaZula-Natal, South Africa","South Africa",NA,"AFR","2015",2015,2010,"41",41,41,41.5,1,1,1
"464","Kadirova 2000","120","Kyrgyz Republic","Kyrgyz Republic","Outbreak","EUR","1995",1995,1990,"0-4y",0,4,2.5,47,NA,NA
"465","Kadirova 2000","120","Kyrgyz Republic","Kyrgyz Republic","Outbreak","EUR","1995",1995,1990,"5-9y",5,9,7.5,81,NA,NA
"466","Kadirova 2000","120","Kyrgyz Republic","Kyrgyz Republic","Outbreak","EUR","1995",1995,1990,"10-14y",10,14,12.5,72,NA,NA
"467","Kadirova 2000","120","Kyrgyz Republic","Kyrgyz Republic","Outbreak","EUR","1995",1995,1990,"15-19",15,19,17.5,123,NA,NA
"468","Kadirova 2000","120","Kyrgyz Republic","Kyrgyz Republic","Outbreak","EUR","1995",1995,1990,"20-24",20,24,22.5,99,NA,NA
"469","Kadirova 2000","120","Kyrgyz Republic","Kyrgyz Republic","Outbreak","EUR","1995",1995,1990,"25-29",25,29,27.5,68,NA,NA
"470","Kadirova 2000","120","Kyrgyz Republic","Kyrgyz Republic","Outbreak","EUR","1995",1995,1990,"30-34",30,34,32.5,77,NA,NA
"471","Kadirova 2000","120","Kyrgyz Republic","Kyrgyz Republic","Outbreak","EUR","1995",1995,1990,"35-39",35,39,37.5,39,NA,NA
"472","Kadirova 2000","120","Kyrgyz Republic","Kyrgyz Republic","Outbreak","EUR","1995",1995,1990,"40-49",40,49,45,41,NA,NA
"473","Kadirova 2000","120","Kyrgyz Republic","Kyrgyz Republic","Outbreak","EUR","1995",1995,1990,"50-59",50,59,55,17,NA,NA
"474","Kadirova 2000","120","Kyrgyz Republic","Kyrgyz Republic","Outbreak","EUR","1995",1995,1990,"60+",61,80,71,7,NA,NA
"475","Sein et al 2016","270","Lao","Lao",NA,"SEAR","2012",2012,2010,"<1",0,0,0.5,1,1,1
"476","Sein et al 2016","270","Lao","Lao",NA,"SEAR","2012",2012,2010,"1-4y",1,4,3,6,2,0.33
"477","Sein et al 2016","270","Lao","Lao",NA,"SEAR","2012",2012,2010,"5-9y",5,9,7.5,16,6,0.38
"478","Sein et al 2016","270","Lao","Lao",NA,"SEAR","2012",2012,2010,"10-14y",10,14,12.5,20,2,0.1
"479","Sein et al 2016","270","Lao","Lao",NA,"SEAR","2012",2012,2010,"15-19y",15,19,17.5,7,2,0.29
"480","Sein et al 2016","270","Lao","Lao",NA,"SEAR","2012",2012,2010,"20-24y",20,24,22.5,5,0,0
"481","Sein et al 2016","270","Lao","Lao",NA,"SEAR","2012",2012,2010,"25+",25,80,53,7,0,0
"482","Kantsone et al. 2000","494","Latvia","Latvia",NA,"NIS","1994-2014",2004,2000,"0–4",0,4,2.5,84,11,0.13
"483","Kantsone et al. 2000","494","Latvia","Latvia",NA,"NIS","1994-2014",2004,2000,"5–19",5,19,12.5,396,3,0.01
"484","Kantsone et al. 2000","494","Latvia","Latvia",NA,"NIS","1994-2014",2004,2000,"20–29",20,29,25,195,1,0.01
"485","Kantsone et al. 2000","494","Latvia","Latvia",NA,"NIS","1994-2014",2004,2000,"30–39",30,39,35,192,9,0.05
"486","Kantsone et al. 2000","494","Latvia","Latvia",NA,"NIS","1994-2014",2004,2000,"40–49",40,49,45,286,37,0.13
"487","Kantsone et al. 2000","494","Latvia","Latvia",NA,"NIS","1994-2014",2004,2000,"50–59",50,59,55,218,29,0.13
"488","Kantsone et al. 2000","494","Latvia","Latvia",NA,"NIS","1994-2014",2004,2000,"≥ 60",60,80,70.5,144,21,0.15
"489","Latvia","235","Latvia","Latvia",NA,"NIS","1990-1996",1993,1990,"2-3",2,3,3,40,7,NA
"490","Latvia","235","Latvia","Latvia",NA,"NIS","1990-1996",1993,1990,"4-9",4,9,7,77,2,NA
"491","Latvia","235","Latvia","Latvia",NA,"NIS","1990-1996",1993,1990,"10-16",10,16,13.5,112,0,NA
"492","Latvia","235","Latvia","Latvia",NA,"NIS","1990-1996",1993,1990,"≥17",17,80,49,530,53,NA
"493","Van Geldermalsen & Wenning 1991","11","Lesotho","Lesotho",NA,"AFR","1989",1989,1980,"0-4",0,4,2.5,4,2,NA
"494","Van Geldermalsen & Wenning 1991","11","Lesotho","Lesotho",NA,"AFR","1989",1989,1980,"5-9",5,9,7.5,6,2,NA
"495","Van Geldermalsen & Wenning 1991","11","Lesotho","Lesotho",NA,"AFR","1989",1989,1980,"10-14",10,14,12.5,26,6,NA
"496","Van Geldermalsen & Wenning 1991","11","Lesotho","Lesotho",NA,"AFR","1989",1989,1980,"15-19",15,19,17.5,19,4,NA
"497","Van Geldermalsen & Wenning 1991","11","Lesotho","Lesotho",NA,"AFR","1989",1989,1980,"20-24",20,24,22.5,7,2,NA
"498","Van Geldermalsen & Wenning 1991","11","Lesotho","Lesotho",NA,"AFR","1989",1989,1980,"25-29",25,29,27.5,2,0,NA
"499","Van Geldermalsen & Wenning 1991","11","Lesotho","Lesotho",NA,"AFR","1989",1989,1980,"30-34",30,34,32.5,5,0,NA
"500","Van Geldermalsen & Wenning 1991","11","Lesotho","Lesotho",NA,"AFR","1989",1989,1980,"≥35",35,80,58,4,0,NA
"501","MURPHY 1898",NA,"London County","UK",NA,"EUR","1892-1897",1894,1890,"0",0,0,0.5,1701,NA,NA
"502","MURPHY 1898",NA,"London County","UK",NA,"EUR","1892-1897",1894,1890,"1",1,1,1.5,4472,NA,NA
"503","MURPHY 1898",NA,"London County","UK",NA,"EUR","1892-1897",1894,1890,"2",2,2,2.5,5709,NA,NA
"504","MURPHY 1898",NA,"London County","UK",NA,"EUR","1892-1897",1894,1890,"3",3,3,3.5,7011,NA,NA
"505","MURPHY 1898",NA,"London County","UK",NA,"EUR","1892-1897",1894,1890,"4",4,4,4.5,25717,NA,NA
"506","MURPHY 1898",NA,"London County","UK",NA,"EUR","1892-1897",1894,1890,"5-9",5,9,7.5,20511,NA,NA
"507","MURPHY 1898",NA,"London County","UK",NA,"EUR","1892-1897",1894,1890,"10-14",10,14,12.5,8126,NA,NA
"508","MURPHY 1898",NA,"London County","UK",NA,"EUR","1892-1897",1894,1890,"15-19",15,19,17.5,4558,NA,NA
"509","MURPHY 1898",NA,"London County","UK",NA,"EUR","1892-1897",1894,1890,"≥20",20,80,50.5,11269,NA,NA
"510","Naiditch & Bower 1954","N/A","Los Angeles","United States",NA,"AMR","1940-1950",1945,1940,"0-1",0,0,0.5,19,3,0.16
"511","Naiditch & Bower 1954","N/A","Los Angeles","United States",NA,"AMR","1940-1950",1945,1940,"1-5",1,4,3,410,46,0.11
"512","Naiditch & Bower 1954","N/A","Los Angeles","United States",NA,"AMR","1940-1950",1945,1940,"5-10",5,9,7.5,398,42,0.11
"513","Naiditch & Bower 1954","N/A","Los Angeles","United States",NA,"AMR","1940-1950",1945,1940,"10-20",10,19,15,207,7,0.03
"514","Naiditch & Bower 1954","N/A","Los Angeles","United States",NA,"AMR","1940-1950",1945,1940,"20-30",20,29,25,173,2,0.01
"515","Naiditch & Bower 1954","N/A","Los Angeles","United States",NA,"AMR","1940-1950",1945,1940,"30-40",30,39,35,104,12,0.12
"516","Naiditch & Bower 1954","N/A","Los Angeles","United States",NA,"AMR","1940-1950",1945,1940,"40-50",40,49,45,68,15,0.22
"517","Naiditch & Bower 1954","N/A","Los Angeles","United States",NA,"AMR","1940-1950",1945,1940,"≥50",50,80,65.5,54,10,0.19
"518","Macon, GA","68","Macon, GA","USA",NA,"AMR","1959",1959,1950,"0-4",0,4,2.5,7,NA,NA
"519","Macon, GA","68","Macon, GA","USA",NA,"AMR","1959",1959,1950,"5-9",5,9,7.5,9,NA,NA
"520","Macon, GA","68","Macon, GA","USA",NA,"AMR","1959",1959,1950,"10-14",10,14,12.5,1,NA,NA
"521","Macon, GA","68","Macon, GA","USA",NA,"AMR","1959",1959,1950,"15-19",15,19,17.5,1,NA,NA
"522","Phalkey et al. 2013",NA,"Maharashtra","India",NA,"SEAR","2011",2011,2010,"0 – 5",0,5,3,2,NA,NA
"523","Phalkey et al. 2013",NA,"Maharashtra","India",NA,"SEAR","2011",2011,2010,"6 – 10",6,10,8.5,2,NA,NA
"524","Phalkey et al. 2013",NA,"Maharashtra","India",NA,"SEAR","2011",2011,2010,"10 – 15",10,15,13,7,NA,NA
"525","Phalkey et al. 2013",NA,"Maharashtra","India",NA,"SEAR","2011",2011,2010,"15 – 45",15,45,30.5,0,NA,NA
"526","Phalkey et al. 2013",NA,"Maharashtra","India",NA,"SEAR","2011",2011,2010,"≥45",45,80,63,0,NA,NA
"527","Santos et al. 2015","271","Maranhão, Brazil","Brazil",NA,"AMR","2010",2010,2010,"0-7y",0,6,4,13,2,0.15
"528","Santos et al. 2015","271","Maranhão, Brazil","Brazil",NA,"AMR","2010",2010,2010,"7-20",7,19,14,11,1,0.09
"529","Santos et al. 2015","271","Maranhão, Brazil","Brazil",NA,"AMR","2010",2010,2010,"20+",20,80,51,1,0,0
"530","Collins 1929",NA,"Maryland","USA",NA,"AMR","1908-1917",1912,1910,"<1",0,0,0.5,170,NA,NA
"531","Collins 1929",NA,"Maryland","USA",NA,"AMR","1908-1917",1912,1910,"1",1,1,1.5,610,NA,NA
"532","Collins 1929",NA,"Maryland","USA",NA,"AMR","1908-1917",1912,1910,"2",2,2,2.5,786,NA,NA
"533","Collins 1929",NA,"Maryland","USA",NA,"AMR","1908-1917",1912,1910,"3",3,3,3.5,941,NA,NA
"534","Collins 1929",NA,"Maryland","USA",NA,"AMR","1908-1917",1912,1910,"4",4,4,4.5,869,NA,NA
"535","Collins 1929",NA,"Maryland","USA",NA,"AMR","1908-1917",1912,1910,"5",5,5,5.5,778,NA,NA
"536","Collins 1929",NA,"Maryland","USA",NA,"AMR","1908-1917",1912,1910,"6",6,6,6.5,789,NA,NA
"537","Collins 1929",NA,"Maryland","USA",NA,"AMR","1908-1917",1912,1910,"7",7,7,7.5,657,NA,NA
"538","Collins 1929",NA,"Maryland","USA",NA,"AMR","1908-1917",1912,1910,"8",8,8,8.5,614,NA,NA
"539","Collins 1929",NA,"Maryland","USA",NA,"AMR","1908-1917",1912,1910,"9",9,9,9.5,409,NA,NA
"540","Collins 1929",NA,"Maryland","USA",NA,"AMR","1908-1917",1912,1910,"10",10,10,10.5,373,NA,NA
"541","Collins 1929",NA,"Maryland","USA",NA,"AMR","1908-1917",1912,1910,"11",11,11,11.5,282,NA,NA
"542","Collins 1929",NA,"Maryland","USA",NA,"AMR","1908-1917",1912,1910,"12",12,12,12.5,288,NA,NA
"543","Collins 1929",NA,"Maryland","USA",NA,"AMR","1908-1917",1912,1910,"13",13,13,13.5,202,NA,NA
"544","Collins 1929",NA,"Maryland","USA",NA,"AMR","1908-1917",1912,1910,"14",14,14,14.5,197,NA,NA
"545","Collins 1929",NA,"Maryland","USA",NA,"AMR","1908-1917",1912,1910,"15",15,15,15.5,141,NA,NA
"546","Collins 1929",NA,"Maryland","USA",NA,"AMR","1908-1917",1912,1910,"16",16,16,16.5,170,NA,NA
"547","Collins 1929",NA,"Maryland","USA",NA,"AMR","1908-1917",1912,1910,"17",17,17,17.5,116,NA,NA
"548","Collins 1929",NA,"Maryland","USA",NA,"AMR","1908-1917",1912,1910,"18",18,18,18.5,124,NA,NA
"549","Collins 1929",NA,"Maryland","USA",NA,"AMR","1908-1917",1912,1910,"19",19,19,19.5,99,NA,NA
"550","Collins 1929",NA,"Maryland","USA",NA,"AMR","1908-1917",1912,1910,"20-25",20,24,22.5,449,NA,NA
"551","Collins 1929",NA,"Maryland","USA",NA,"AMR","1908-1917",1912,1910,"25-30",25,29,27.5,379,NA,NA
"552","Collins 1929",NA,"Maryland","USA",NA,"AMR","1908-1917",1912,1910,"30-40",30,39,35,355,NA,NA
"553","Collins 1929",NA,"Maryland","USA",NA,"AMR","1908-1917",1912,1910,"40-50",40,49,45,138,NA,NA
"554","Collins 1929",NA,"Maryland","USA",NA,"AMR","1908-1917",1912,1910,"50-60",50,59,55,47,NA,NA
"555","Collins 1929",NA,"Maryland","USA",NA,"AMR","1908-1917",1912,1910,"60+",60,80,70.5,17,NA,NA
"556","TURNBULL 1949","223","Matatiele, South Africa","South Africa","Outbreak","AFR","1948",1948,1940,"0-1",0,0,0.5,1,NA,NA
"557","TURNBULL 1949","223","Matatiele, South Africa","South Africa","Outbreak","AFR","1948",1948,1940,"1-5",1,4,3,31,NA,NA
"558","TURNBULL 1949","223","Matatiele, South Africa","South Africa","Outbreak","AFR","1948",1948,1940,"5-10",5,9,7.5,48,NA,NA
"559","TURNBULL 1949","223","Matatiele, South Africa","South Africa","Outbreak","AFR","1948",1948,1940,"10-15",10,14,12.5,38,NA,NA
"560","TURNBULL 1949","223","Matatiele, South Africa","South Africa","Outbreak","AFR","1948",1948,1940,"15-20",15,19,17.5,10,NA,NA
"561","TURNBULL 1949","223","Matatiele, South Africa","South Africa","Outbreak","AFR","1948",1948,1940,"20-30",20,29,25,7,NA,NA
"562","TURNBULL 1949","223","Matatiele, South Africa","South Africa","Outbreak","AFR","1948",1948,1940,"≥30",30,80,55.5,5,NA,NA
"563","Medford, OR","71","Medford, OR","USA",NA,"AMR","1949",1949,1940,"1-5y",1,5,3.5,2,0,0
"564","Medford, OR","71","Medford, OR","USA",NA,"AMR","1949",1949,1940,"6-12y",6,12,9.5,10,3,0.3
"565","Medford, OR","71","Medford, OR","USA",NA,"AMR","1949",1949,1940,"13-14",13,14,14,5,1,0.2
"566","Medford, OR","71","Medford, OR","USA",NA,"AMR","1949",1949,1940,"15-25",15,25,20.5,0,0,0
"567","Medford, OR","71","Medford, OR","USA",NA,"AMR","1949",1949,1940,"26-35",26,35,31,3,0,0
"568","Medford, OR","71","Medford, OR","USA",NA,"AMR","1949",1949,1940,"36+",36,80,58.5,2,1,0.5
"569","Magdei 2000","354","Moldova","Moldova",NA,"NIS","1994-1996",1995,1990,"0-1",0,0,0.5,5,NA,NA
"570","Magdei 2000","354","Moldova","Moldova",NA,"NIS","1994-1996",1995,1990,"1-4",1,4,3,71,NA,NA
"571","Magdei 2000","354","Moldova","Moldova",NA,"NIS","1994-1996",1995,1990,"5-14",5,14,10,394,NA,NA
"572","Magdei 2000","354","Moldova","Moldova",NA,"NIS","1994-1996",1995,1990,"15-19",15,19,17.5,101,NA,NA
"573","Magdei 2000","354","Moldova","Moldova",NA,"NIS","1994-1996",1995,1990,"20-29",20,29,25,100,NA,NA
"574","Magdei 2000","354","Moldova","Moldova",NA,"NIS","1994-1996",1995,1990,"30-39",30,39,35,99,NA,NA
"575","Magdei 2000","354","Moldova","Moldova",NA,"NIS","1994-1996",1995,1990,"40-49",40,49,45,80,NA,NA
"576","Magdei 2000","354","Moldova","Moldova",NA,"NIS","1994-1996",1995,1990,"50-59",50,59,55,12,NA,NA
"577","Magdei 2000","354","Moldova","Moldova",NA,"NIS","1994-1996",1995,1990,"≥60",60,80,70.5,3,NA,NA
"578","Moscow","380","Moscow","Russia",NA,"NIS","1980",1980,1980,"0-2",0,2,1.5,0,NA,NA
"579","Moscow","380","Moscow","Russia",NA,"NIS","1980",1980,1980,"3-9",3,9,6.5,0,NA,NA
"580","Moscow","380","Moscow","Russia",NA,"NIS","1980",1980,1980,"10-14",10,14,12.5,0,NA,NA
"581","Moscow","380","Moscow","Russia",NA,"NIS","1980",1980,1980,"15-19",15,19,17.5,6,NA,NA
"582","Moscow","380","Moscow","Russia",NA,"NIS","1980",1980,1980,"20-29",20,29,25,11,NA,NA
"583","Moscow","380","Moscow","Russia",NA,"NIS","1980",1980,1980,"30-39",30,39,35,18,NA,NA
"584","Moscow","380","Moscow","Russia",NA,"NIS","1980",1980,1980,"40-49",40,49,45,11,NA,NA
"585","Moscow","380","Moscow","Russia",NA,"NIS","1980",1980,1980,"≤50",50,80,65.5,7,NA,NA
"586","Moscow","380","Moscow","Russia",NA,"NIS","1981",1981,1980,"0-2",0,2,1.5,0,NA,NA
"587","Moscow","380","Moscow","Russia",NA,"NIS","1981",1981,1980,"3-9",3,9,6.5,8,NA,NA
"588","Moscow","380","Moscow","Russia",NA,"NIS","1981",1981,1980,"10-14",10,14,12.5,3,NA,NA
"589","Moscow","380","Moscow","Russia",NA,"NIS","1981",1981,1980,"15-19",15,19,17.5,9,NA,NA
"590","Moscow","380","Moscow","Russia",NA,"NIS","1981",1981,1980,"20-29",20,29,25,39,NA,NA
"591","Moscow","380","Moscow","Russia",NA,"NIS","1981",1981,1980,"30-39",30,39,35,40,NA,NA
"592","Moscow","380","Moscow","Russia",NA,"NIS","1981",1981,1980,"40-49",40,49,45,14,NA,NA
"593","Moscow","380","Moscow","Russia",NA,"NIS","1981",1981,1980,"≤50",50,80,65.5,8,NA,NA
"594","Moscow","380","Moscow","Russia",NA,"NIS","1982",1982,1980,"0-2",0,2,1.5,0,NA,NA
"595","Moscow","380","Moscow","Russia",NA,"NIS","1982",1982,1980,"3-9",3,9,6.5,0,NA,NA
"596","Moscow","380","Moscow","Russia",NA,"NIS","1982",1982,1980,"10-14",10,14,12.5,0,NA,NA
"597","Moscow","380","Moscow","Russia",NA,"NIS","1982",1982,1980,"15-19",15,19,17.5,5,NA,NA
"598","Moscow","380","Moscow","Russia",NA,"NIS","1982",1982,1980,"20-29",20,29,25,33,NA,NA
"599","Moscow","380","Moscow","Russia",NA,"NIS","1982",1982,1980,"30-39",30,39,35,23,NA,NA
"600","Moscow","380","Moscow","Russia",NA,"NIS","1982",1982,1980,"40-49",40,49,45,10,NA,NA
"601","Moscow","380","Moscow","Russia",NA,"NIS","1982",1982,1980,"≤50",50,80,65.5,7,NA,NA
"602","Moscow","380","Moscow","Russia",NA,"NIS","1983",1983,1980,"0-2",0,2,1.5,0,NA,NA
"603","Moscow","380","Moscow","Russia",NA,"NIS","1983",1983,1980,"3-9",3,9,6.5,3,NA,NA
"604","Moscow","380","Moscow","Russia",NA,"NIS","1983",1983,1980,"10-14",10,14,12.5,8,NA,NA
"605","Moscow","380","Moscow","Russia",NA,"NIS","1983",1983,1980,"15-19",15,19,17.5,3,NA,NA
"606","Moscow","380","Moscow","Russia",NA,"NIS","1983",1983,1980,"20-29",20,29,25,21,NA,NA
"607","Moscow","380","Moscow","Russia",NA,"NIS","1983",1983,1980,"30-39",30,39,35,18,NA,NA
"608","Moscow","380","Moscow","Russia",NA,"NIS","1983",1983,1980,"40-49",40,49,45,8,NA,NA
"609","Moscow","380","Moscow","Russia",NA,"NIS","1983",1983,1980,"≤50",50,80,65.5,4,NA,NA
"610","Moscow","380","Moscow","Russia",NA,"NIS","1984",1984,1980,"0-2",0,2,1.5,3,NA,NA
"611","Moscow","380","Moscow","Russia",NA,"NIS","1984",1984,1980,"3-9",3,9,6.5,4,NA,NA
"612","Moscow","380","Moscow","Russia",NA,"NIS","1984",1984,1980,"10-14",10,14,12.5,2,NA,NA
"613","Moscow","380","Moscow","Russia",NA,"NIS","1984",1984,1980,"15-19",15,19,17.5,11,NA,NA
"614","Moscow","380","Moscow","Russia",NA,"NIS","1984",1984,1980,"20-29",20,29,25,23,NA,NA
"615","Moscow","380","Moscow","Russia",NA,"NIS","1984",1984,1980,"30-39",30,39,35,18,NA,NA
"616","Moscow","380","Moscow","Russia",NA,"NIS","1984",1984,1980,"40-49",40,49,45,13,NA,NA
"617","Moscow","380","Moscow","Russia",NA,"NIS","1984",1984,1980,"≤50",50,80,65.5,8,NA,NA
"618","Moscow","380","Moscow","Russia",NA,"NIS","1985",1985,1980,"0-2",0,2,1.5,1,NA,NA
"619","Moscow","380","Moscow","Russia",NA,"NIS","1985",1985,1980,"3-9",3,9,6.5,14,NA,NA
"620","Moscow","380","Moscow","Russia",NA,"NIS","1985",1985,1980,"10-14",10,14,12.5,4,NA,NA
"621","Moscow","380","Moscow","Russia",NA,"NIS","1985",1985,1980,"15-19",15,19,17.5,16,NA,NA
"622","Moscow","380","Moscow","Russia",NA,"NIS","1985",1985,1980,"20-29",20,29,25,26,NA,NA
"623","Moscow","380","Moscow","Russia",NA,"NIS","1985",1985,1980,"30-39",30,39,35,24,NA,NA
"624","Moscow","380","Moscow","Russia",NA,"NIS","1985",1985,1980,"40-49",40,49,45,13,NA,NA
"625","Moscow","380","Moscow","Russia",NA,"NIS","1985",1985,1980,"≤50",50,80,65.5,8,NA,NA
"626","Moscow","380","Moscow","Russia",NA,"NIS","1986",1986,1980,"0-2",0,2,1.5,0,NA,NA
"627","Moscow","380","Moscow","Russia",NA,"NIS","1986",1986,1980,"3-9",3,9,6.5,0,NA,NA
"628","Moscow","380","Moscow","Russia",NA,"NIS","1986",1986,1980,"10-14",10,14,12.5,0,NA,NA
"629","Moscow","380","Moscow","Russia",NA,"NIS","1986",1986,1980,"15-19",15,19,17.5,5,NA,NA
"630","Moscow","380","Moscow","Russia",NA,"NIS","1986",1986,1980,"20-29",20,29,25,21,NA,NA
"631","Moscow","380","Moscow","Russia",NA,"NIS","1986",1986,1980,"30-39",30,39,35,19,NA,NA
"632","Moscow","380","Moscow","Russia",NA,"NIS","1986",1986,1980,"40-49",40,49,45,6,NA,NA
"633","Moscow","380","Moscow","Russia",NA,"NIS","1986",1986,1980,"≤50",50,80,65.5,4,NA,NA
"634","Moscow","380","Moscow","Russia",NA,"NIS","1987",1987,1980,"0-2",0,2,1.5,1,NA,NA
"635","Moscow","380","Moscow","Russia",NA,"NIS","1987",1987,1980,"3-9",3,9,6.5,10,NA,NA
"636","Moscow","380","Moscow","Russia",NA,"NIS","1987",1987,1980,"10-14",10,14,12.5,2,NA,NA
"637","Moscow","380","Moscow","Russia",NA,"NIS","1987",1987,1980,"15-19",15,19,17.5,12,NA,NA
"638","Moscow","380","Moscow","Russia",NA,"NIS","1987",1987,1980,"20-29",20,29,25,22,NA,NA
"639","Moscow","380","Moscow","Russia",NA,"NIS","1987",1987,1980,"30-39",30,39,35,17,NA,NA
"640","Moscow","380","Moscow","Russia",NA,"NIS","1987",1987,1980,"40-49",40,49,45,8,NA,NA
"641","Moscow","380","Moscow","Russia",NA,"NIS","1987",1987,1980,"≤50",50,80,65.5,6,NA,NA
"642","Moscow","380","Moscow","Russia",NA,"NIS","1988",1988,1980,"0-2",0,2,1.5,4,NA,NA
"643","Moscow","380","Moscow","Russia",NA,"NIS","1988",1988,1980,"3-9",3,9,6.5,3,NA,NA
"644","Moscow","380","Moscow","Russia",NA,"NIS","1988",1988,1980,"10-14",10,14,12.5,6,NA,NA
"645","Moscow","380","Moscow","Russia",NA,"NIS","1988",1988,1980,"15-19",15,19,17.5,8,NA,NA
"646","Moscow","380","Moscow","Russia",NA,"NIS","1988",1988,1980,"20-29",20,29,25,11,NA,NA
"647","Moscow","380","Moscow","Russia",NA,"NIS","1988",1988,1980,"30-39",30,39,35,5,NA,NA
"648","Moscow","380","Moscow","Russia",NA,"NIS","1988",1988,1980,"40-49",40,49,45,5,NA,NA
"649","Moscow","380","Moscow","Russia",NA,"NIS","1988",1988,1980,"≤50",50,80,65.5,4,NA,NA
"650","Moscow","380","Moscow","Russia",NA,"NIS","1989",1989,1980,"0-2",0,2,1.5,3,NA,NA
"651","Moscow","380","Moscow","Russia",NA,"NIS","1989",1989,1980,"3-9",3,9,6.5,19,NA,NA
"652","Moscow","380","Moscow","Russia",NA,"NIS","1989",1989,1980,"10-14",10,14,12.5,12,NA,NA
"653","Moscow","380","Moscow","Russia",NA,"NIS","1989",1989,1980,"15-19",15,19,17.5,10,NA,NA
"654","Moscow","380","Moscow","Russia",NA,"NIS","1989",1989,1980,"20-29",20,29,25,20,NA,NA
"655","Moscow","380","Moscow","Russia",NA,"NIS","1989",1989,1980,"30-39",30,39,35,13,NA,NA
"656","Moscow","380","Moscow","Russia",NA,"NIS","1989",1989,1980,"40-49",40,49,45,13,NA,NA
"657","Moscow","380","Moscow","Russia",NA,"NIS","1989",1989,1980,"≤50",50,80,65.5,4,NA,NA
"658","Moscow","380","Moscow","Russia",NA,"NIS","1990",1990,1990,"0-2",0,2,1.5,5,NA,NA
"659","Moscow","380","Moscow","Russia",NA,"NIS","1990",1990,1990,"3-9",3,9,6.5,39,NA,NA
"660","Moscow","380","Moscow","Russia",NA,"NIS","1990",1990,1990,"10-14",10,14,12.5,27,NA,NA
"661","Moscow","380","Moscow","Russia",NA,"NIS","1990",1990,1990,"15-19",15,19,17.5,31,NA,NA
"662","Moscow","380","Moscow","Russia",NA,"NIS","1990",1990,1990,"20-29",20,29,25,81,NA,NA
"663","Moscow","380","Moscow","Russia",NA,"NIS","1990",1990,1990,"30-39",30,39,35,97,NA,NA
"664","Moscow","380","Moscow","Russia",NA,"NIS","1990",1990,1990,"40-49",40,49,45,63,NA,NA
"665","Moscow","380","Moscow","Russia",NA,"NIS","1990",1990,1990,"≥50",50,80,65.5,56,NA,NA
"669","Howard 1966","70","Oklahoma","USA",NA,"AMR","1963",1963,1960,"3",3,3,3.5,2,0,0
"670","Howard 1966","70","Oklahoma","USA",NA,"AMR","1963",1963,1960,"5",5,5,5.5,1,1,1
"671","Howard 1966","70","Oklahoma","USA",NA,"AMR","1963",1963,1960,"6",6,6,6.5,1,0,0
"672","Howard 1966","70","Oklahoma","USA",NA,"AMR","1963",1963,1960,"7",7,7,7.5,1,0,0
"673","Howard 1966","70","Oklahoma","USA",NA,"AMR","1963",1963,1960,"8",8,8,8.5,2,0,0
"674","Howard 1966","70","Oklahoma","USA",NA,"AMR","1963",1963,1960,"10",10,10,10.5,1,0,0
"675","Howard 1966","70","Oklahoma","USA",NA,"AMR","1963",1963,1960,"11",11,11,11.5,1,0,0
"676","Howard 1966","70","Oklahoma","USA",NA,"AMR","1963",1963,1960,"13",13,13,13.5,2,0,0
"677","Howard 1966","70","Oklahoma","USA",NA,"AMR","1963",1963,1960,"14",14,14,14.5,1,0,0
"678","Howard 1966","70","Oklahoma","USA",NA,"AMR","1963",1963,1960,"32",32,32,32.5,1,0,0
"679","Lyman 1956","719","Omaha & Douglas County","USA","Outbreak","AMR","1954",1954,1950,"<1",0,1,1,0,NA,NA
"680","Lyman 1956","719","Omaha & Douglas County","USA","Outbreak","AMR","1954",1954,1950,"1-4y",1,4,3,12,NA,NA
"681","Lyman 1956","719","Omaha & Douglas County","USA","Outbreak","AMR","1954",1954,1950,"5-9y",5,9,7.5,8,NA,NA
"682","Lyman 1956","719","Omaha & Douglas County","USA","Outbreak","AMR","1954",1954,1950,"10-14y",10,14,12.5,5,NA,NA
"683","Lyman 1956","719","Omaha & Douglas County","USA","Outbreak","AMR","1954",1954,1950,"15-19y",15,19,17.5,1,NA,NA
"684","Lyman 1956","719","Omaha & Douglas County","USA","Outbreak","AMR","1954",1954,1950,"20-24y",20,24,22.5,5,NA,NA
"685","Lyman 1956","719","Omaha & Douglas County","USA","Outbreak","AMR","1954",1954,1950,"25+",25,80,53,6,NA,NA
"686","Lyman 1956","719","Omaha & Douglas County","USA","Outbreak","AMR","1955",1955,1950,"<1",0,1,1,1,NA,NA
"687","Lyman 1956","719","Omaha & Douglas County","USA","Outbreak","AMR","1955",1955,1950,"1-4y",1,4,3,3,NA,NA
"688","Lyman 1956","719","Omaha & Douglas County","USA","Outbreak","AMR","1955",1955,1950,"5-9y",5,9,7.5,13,NA,NA
"689","Lyman 1956","719","Omaha & Douglas County","USA","Outbreak","AMR","1955",1955,1950,"10-14y",10,14,12.5,4,NA,NA
"690","Lyman 1956","719","Omaha & Douglas County","USA","Outbreak","AMR","1955",1955,1950,"15-19y",15,19,17.5,1,NA,NA
"691","Lyman 1956","719","Omaha & Douglas County","USA","Outbreak","AMR","1955",1955,1950,"20-24y",20,24,22.5,5,NA,NA
"692","Lyman 1956","719","Omaha & Douglas County","USA","Outbreak","AMR","1955",1955,1950,"25+",25,80,53,4,NA,NA
"693","Omaha, NE",NA,"Omaha, NE","USA",NA,"AMR","1961-1962",1962,1960,"0-4",0,4,2.5,0,NA,NA
"694","Omaha, NE",NA,"Omaha, NE","USA",NA,"AMR","1961-1962",1962,1960,"5-9",5,9,7.5,0,NA,NA
"695","Omaha, NE",NA,"Omaha, NE","USA",NA,"AMR","1961-1962",1962,1960,"10-14",10,14,12.5,0,NA,NA
"696","Omaha, NE",NA,"Omaha, NE","USA",NA,"AMR","1961-1962",1962,1960,"15-19",15,19,17.5,0,NA,NA
"697","Omaha, NE",NA,"Omaha, NE","USA",NA,"AMR","1961-1962",1962,1960,"20-24",20,24,22.5,2,NA,NA
"698","Omaha, NE",NA,"Omaha, NE","USA",NA,"AMR","1961-1962",1962,1960,"25-29",25,29,27.5,0,NA,NA
"699","Omaha, NE",NA,"Omaha, NE","USA",NA,"AMR","1961-1962",1962,1960,"30-34",30,34,32.5,0,NA,NA
"700","Omaha, NE",NA,"Omaha, NE","USA",NA,"AMR","1961-1962",1962,1960,"35-39",35,39,37.5,0,NA,NA
"701","Omaha, NE",NA,"Omaha, NE","USA",NA,"AMR","1961-1962",1962,1960,"40-44",40,44,42.5,1,NA,NA
"702","Omaha, NE",NA,"Omaha, NE","USA",NA,"AMR","1961-1962",1962,1960,"45-49",45,49,47.5,2,NA,NA
"703","Omaha, NE",NA,"Omaha, NE","USA",NA,"AMR","1961-1962",1962,1960,"50-54",50,54,52.5,2,NA,NA
"704","Omaha, NE",NA,"Omaha, NE","USA",NA,"AMR","1961-1962",1962,1960,"55-59",55,59,57.5,1,NA,NA
"705","Omaha, NE",NA,"Omaha, NE","USA",NA,"AMR","1961-1962",1962,1960,"60+",60,80,70.5,0,NA,NA
"706","Doege 1963","12","Plainview, TX","USA",NA,"AMR","1960",1960,1960,"0-6y",0,6,3.5,24,1,0.04
"707","Doege 1963","12","Plainview, TX","USA",NA,"AMR","1960",1960,1960,"7-14y",7,14,11,17,0,0
"708","Doege 1963","12","Plainview, TX","USA",NA,"AMR","1960",1960,1960,"15-29",15,29,22.5,10,0,0
"709","Doege 1963","12","Plainview, TX","USA",NA,"AMR","1960",1960,1960,"30+",30,80,55.5,5,0,0
"710","Shaikh 1974","607","Poona, India","India",NA,"SEAR","1950-1969",1960,1960,"0-1",0,0,0.5,620,NA,NA
"711","Shaikh 1974","607","Poona, India","India",NA,"SEAR","1950-1969",1960,1960,"1-5",1,4,3,2531,NA,NA
"712","Shaikh 1974","607","Poona, India","India",NA,"SEAR","1950-1969",1960,1960,"5-10",5,9,7.5,1117,NA,NA
"713","Shaikh 1974","607","Poona, India","India",NA,"SEAR","1950-1969",1960,1960,"≥10",10,80,45.5,279,NA,NA
"714","Khetsuriani et al.","203","Republic of Georgia","Republic of Georgia",NA,"NIS","1993–1996",1994,1990,"0-4",0,4,2.5,209,30,0.14
"715","Khetsuriani et al.","203","Republic of Georgia","Republic of Georgia",NA,"NIS","1993–1996",1994,1990,"5-9",5,9,7.5,233,31,0.13
"716","Khetsuriani et al.","203","Republic of Georgia","Republic of Georgia",NA,"NIS","1993–1996",1994,1990,"10-14",10,14,12.5,216,21,0.1
"717","Khetsuriani et al.","203","Republic of Georgia","Republic of Georgia",NA,"NIS","1993–1996",1994,1990,"15-19",15,19,17.5,170,14,0.08
"718","Khetsuriani et al.","203","Republic of Georgia","Republic of Georgia",NA,"NIS","1993–1996",1994,1990,"20-29",20,29,25,247,9,0.04
"719","Khetsuriani et al.","203","Republic of Georgia","Republic of Georgia",NA,"NIS","1993–1996",1994,1990,"30-39",30,39,35,165,6,0.04
"720","Khetsuriani et al.","203","Republic of Georgia","Republic of Georgia",NA,"NIS","1993–1996",1994,1990,"40-49",40,49,45,101,11,0.11
"721","Khetsuriani et al.","203","Republic of Georgia","Republic of Georgia",NA,"NIS","1993–1996",1994,1990,"50-59",50,59,55,53,7,0.13
"722","Khetsuriani et al.","203","Republic of Georgia","Republic of Georgia",NA,"NIS","1993–1996",1994,1990,"60-69",60,69,65,10,3,0.3
"723","Khetsuriani et al.","203","Republic of Georgia","Republic of Georgia",NA,"NIS","1993–1996",1994,1990,"≥70",70,80,75.5,1,1,1
"724","Quick 2000","343","Republic of Georgia","Republic of Georgia",NA,"NIS","1993–1996",1994,1990,"0-4",0,4,2.5,115,14,0.12
"725","Quick 2000","343","Republic of Georgia","Republic of Georgia",NA,"NIS","1993–1996",1994,1990,"5-9",5,9,7.5,144,19,0.13
"726","Quick 2000","343","Republic of Georgia","Republic of Georgia",NA,"NIS","1993–1996",1994,1990,"10-14",10,14,12.5,130,13,0.1
"727","Quick 2000","343","Republic of Georgia","Republic of Georgia",NA,"NIS","1993–1996",1994,1990,"15-20",15,20,18,85,5,0.06
"728","Quick 2000","343","Republic of Georgia","Republic of Georgia",NA,"NIS","1993–1996",1994,1990,"21-29",21,29,25.5,94,4,0.04
"729","Quick 2000","343","Republic of Georgia","Republic of Georgia",NA,"NIS","1993–1996",1994,1990,"30-39",30,39,35,86,5,0.06
"730","Quick 2000","343","Republic of Georgia","Republic of Georgia",NA,"NIS","1993–1996",1994,1990,"40-49",40,49,45,49,7,0.14
"731","Quick 2000","343","Republic of Georgia","Republic of Georgia",NA,"NIS","1993–1996",1994,1990,"50-59",50,59,55,24,1,0.04
"732","Markina 2000","253","Russian Federation","Russia","Outbreak","NIS","1990-1997",1993,1990,"<1",0,0,1,431,33,0.08
"733","Markina 2000","253","Russian Federation","Russia","Outbreak","NIS","1990-1997",1993,1990,"1-2",1,2,2,2280,156,0.07
"734","Markina 2000","253","Russian Federation","Russia","Outbreak","NIS","1990-1997",1993,1990,"3-6",3,6,5,10673,342,0.03
"735","Markina 2000","253","Russian Federation","Russia","Outbreak","NIS","1990-1997",1993,1990,"7-14",7,14,11,18601,228,0.01
"736","Markina 2000","253","Russian Federation","Russia","Outbreak","NIS","1990-1997",1993,1990,"15-17",15,17,17,7057,41,0.01
"737","Markina 2000","253","Russian Federation","Russia","Outbreak","NIS","1990-1997",1993,1990,"18-19",18,19,19,3935,25,0.01
"738","Markina 2000","253","Russian Federation","Russia","Outbreak","NIS","1990-1997",1993,1990,"20-29",20,29,25,13366,72,0.01
"739","Markina 2000","253","Russian Federation","Russia","Outbreak","NIS","1990-1997",1993,1990,"30-39",30,39,35,16658,295,0.02
"740","Markina 2000","253","Russian Federation","Russia","Outbreak","NIS","1990-1997",1993,1990,"40-49",40,49,45,18136,1172,0.06
"741","Markina 2000","253","Russian Federation","Russia","Outbreak","NIS","1990-1997",1993,1990,"50-59",50,59,55,6577,460,0.07
"742","Markina 2000","253","Russian Federation","Russia","Outbreak","NIS","1990-1997",1993,1990,"≥60",60,80,71,2242,143,0.06
"743","Marcuse & Gilbert Grand 1973","356","San Antonio","USA",NA,"AMR","1970",1970,1970,"<1",0,0,0.5,2,NA,NA
"744","Marcuse & Gilbert Grand 1973","356","San Antonio","USA",NA,"AMR","1970",1970,1970,"1-4",1,4,3,32,NA,NA
"745","Marcuse & Gilbert Grand 1973","356","San Antonio","USA",NA,"AMR","1970",1970,1970,"5-9",5,9,7.5,53,NA,NA
"746","Marcuse & Gilbert Grand 1973","356","San Antonio","USA",NA,"AMR","1970",1970,1970,"10-14",10,14,12.5,55,NA,NA
"747","Marcuse & Gilbert Grand 1973","356","San Antonio","USA",NA,"AMR","1970",1970,1970,"15-19",15,19,17.5,23,NA,NA
"748","Marcuse & Gilbert Grand 1973","356","San Antonio","USA",NA,"AMR","1970",1970,1970,"20-29",20,29,25,18,NA,NA
"749","Marcuse & Gilbert Grand 1973","356","San Antonio","USA",NA,"AMR","1970",1970,1970,"30-39",30,39,35,7,NA,NA
"750","Marcuse & Gilbert Grand 1973","356","San Antonio","USA",NA,"AMR","1970",1970,1970,"40-49",40,49,45,5,NA,NA
"751","Marcuse & Gilbert Grand 1973","356","San Antonio","USA",NA,"AMR","1970",1970,1970,"≥50",50,80,65.5,1,NA,NA
"752","Saraburi Province 1994","265","Saraburi Province","Thailand",NA,"SEAR","1994",1994,1990,"0-4",0,4,2.5,3,NA,NA
"753","Saraburi Province 1994","265","Saraburi Province","Thailand",NA,"SEAR","1994",1994,1990,"5-14y",5,14,10,12,NA,NA
"754","Saraburi Province 1994","265","Saraburi Province","Thailand",NA,"SEAR","1994",1994,1990,"≥15",15,80,48,3,NA,NA
"755","Seattle","262","Seattle","USA",NA,"AMR","1972-75",1973,1970,"0-4",0,4,2.5,1,NA,NA
"756","Seattle","262","Seattle","USA",NA,"AMR","1972-75",1973,1970,"5-9",5,9,7.5,3,NA,NA
"757","Seattle","262","Seattle","USA",NA,"AMR","1972-75",1973,1970,"10-14",10,14,12.5,3,NA,NA
"758","Seattle","262","Seattle","USA",NA,"AMR","1972-75",1973,1970,"15-19",15,19,17.5,7,NA,NA
"759","Seattle","262","Seattle","USA",NA,"AMR","1972-75",1973,1970,"20-29",20,29,25,14,NA,NA
"760","Seattle","262","Seattle","USA",NA,"AMR","1972-75",1973,1970,"30-39",30,39,35,18,NA,NA
"761","Seattle","262","Seattle","USA",NA,"AMR","1972-75",1973,1970,"40-49",40,49,45,14,NA,NA
"762","Seattle","262","Seattle","USA",NA,"AMR","1972-75",1973,1970,"50-59",50,59,55,9,NA,NA
"763","Seattle","262","Seattle","USA",NA,"AMR","1972-75",1973,1970,"60-69",60,69,65,6,NA,NA
"764","Seattle","262","Seattle","USA",NA,"AMR","1972-75",1973,1970,"70-79",70,79,75,0,NA,NA
"765","Seattle","262","Seattle","USA",NA,"AMR","1972-75",1973,1970,"≥80",80,85,83,2,NA,NA
"776","Loevinsohn 1990",NA,"Khartorum, Sudan","Sudan",NA,"EMR","1988",1988,1980,"0-4",0,4,2.5,40,NA,NA
"777","Loevinsohn 1990",NA,"Khartorum, Sudan","Sudan",NA,"EMR","1988",1988,1980,"5-9",5,9,7.5,109,NA,NA
"778","Loevinsohn 1990",NA,"Khartorum, Sudan","Sudan",NA,"EMR","1988",1988,1980,"10-14",10,14,12.5,53,NA,NA
"779","Loevinsohn 1990",NA,"Khartorum, Sudan","Sudan",NA,"EMR","1988",1988,1980,"≥15",15,80,48,7,NA,NA
"780","Loevinsohn 1990",NA,"Khartorum, Sudan","Sudan",NA,"EMR","1978",1978,1970,"0-4",0,4,2.5,53,NA,NA
"781","Loevinsohn 1990",NA,"Khartorum, Sudan","Sudan",NA,"EMR","1978",1978,1970,"5-9",5,9,7.5,42,NA,NA
"782","Loevinsohn 1990",NA,"Khartorum, Sudan","Sudan",NA,"EMR","1978",1978,1970,"10-14",10,14,12.5,12,NA,NA
"783","Loevinsohn 1990",NA,"Khartorum, Sudan","Sudan",NA,"EMR","1978",1978,1970,"≥15",15,80,48,0,NA,NA
"784","Thailand","243","Thailand","Thailand",NA,"SEAR","1981-1989",1985,1980,"<5",0,4,2.5,3042,NA,NA
"785","Thailand","243","Thailand","Thailand",NA,"SEAR","1981-1989",1985,1980,"5-9",5,9,7.5,2178,NA,NA
"786","Thailand","243","Thailand","Thailand",NA,"SEAR","1981-1989",1985,1980,"10-14",10,14,12.5,854,NA,NA
"787","Thailand","243","Thailand","Thailand",NA,"SEAR","1981-1989",1985,1980,"≥15",15,80,48,134,NA,NA
"788","Thailand","243","Thailand","Thailand",NA,"SEAR","1990-1999",1995,1990,"<5",0,4,2.5,161,NA,NA
"789","Thailand","243","Thailand","Thailand",NA,"SEAR","1990-1999",1995,1990,"5-9",5,9,7.5,163,NA,NA
"790","Thailand","243","Thailand","Thailand",NA,"SEAR","1990-1999",1995,1990,"10-14",10,14,12.5,64,NA,NA
"791","Thailand","243","Thailand","Thailand",NA,"SEAR","1990-1999",1995,1990,"≥15",15,80,48,28,NA,NA
"792","Topeka, KS","81","Topeka, KS","USA",NA,"AMR","1922",1922,1920,"0-4",0,4,2.5,106,NA,NA
"793","Topeka, KS","81","Topeka, KS","USA",NA,"AMR","1922",1922,1920,"5-9",5,9,7.5,301,NA,NA
"794","Topeka, KS","81","Topeka, KS","USA",NA,"AMR","1922",1922,1920,"10-14",10,14,12.5,154,NA,NA
"795","Topeka, KS","81","Topeka, KS","USA",NA,"AMR","1922",1922,1920,"15-19",15,19,17.5,59,NA,NA
"796","Topeka, KS","81","Topeka, KS","USA",NA,"AMR","1922",1922,1920,"≥20",20,80,50.5,168,NA,NA
"797","Trinadad","342","Trinadad","Trinadad",NA,"AMR","1965",1965,1960,"<5",0,5,3,2.8,NA,NA
"798","Trinadad","342","Trinadad","Trinadad",NA,"AMR","1965",1965,1960,"6-10",6,10,8.5,3,NA,NA
"799","Trinadad","342","Trinadad","Trinadad",NA,"AMR","1965",1965,1960,"11-16",11,15,13.5,0,NA,NA
"800","Trinadad","342","Trinadad","Trinadad",NA,"AMR","1965",1965,1960,"≥16",16,80,48.5,0,NA,NA
"801","TURNBULL 1949","223","Tsolo, South Africa","South Africa","Outbreak","AFR","1948",1948,1940,"0-1",0,0,0.5,1,NA,NA
"802","TURNBULL 1949","223","Tsolo, South Africa","South Africa","Outbreak","AFR","1948",1948,1940,"1-5",1,4,3,16,NA,NA
"803","TURNBULL 1949","223","Tsolo, South Africa","South Africa","Outbreak","AFR","1948",1948,1940,"5-10",5,9,7.5,20,NA,NA
"804","TURNBULL 1949","223","Tsolo, South Africa","South Africa","Outbreak","AFR","1948",1948,1940,"10-15",10,14,12.5,17,NA,NA
"805","TURNBULL 1949","223","Tsolo, South Africa","South Africa","Outbreak","AFR","1948",1948,1940,"15-20",15,19,17.5,10,NA,NA
"806","TURNBULL 1949","223","Tsolo, South Africa","South Africa","Outbreak","AFR","1948",1948,1940,"20-30",20,29,25,6,NA,NA
"807","Ukraine","344","Ukraine","Ukraine",NA,"NIS","1991-1997",1994,1990,"0-2",0,2,1.5,353,24,NA
"808","Ukraine","344","Ukraine","Ukraine",NA,"NIS","1991-1997",1994,1990,"3-6",3,6,5,989,68,NA
"809","Ukraine","344","Ukraine","Ukraine",NA,"NIS","1991-1997",1994,1990,"7-14",7,14,11,2091,103,NA
"810","Ukraine","344","Ukraine","Ukraine",NA,"NIS","1991-1997",1994,1990,"15-17",15,17,16.5,1378,22,NA
"811","Ukraine","344","Ukraine","Ukraine",NA,"NIS","1991-1997",1994,1990,"18-29",18,29,24,3931,46,NA
"812","Ukraine","344","Ukraine","Ukraine",NA,"NIS","1991-1997",1994,1990,"30-39",30,39,35,3340,91,NA
"813","Ukraine","344","Ukraine","Ukraine",NA,"NIS","1991-1997",1994,1990,"40-49",40,49,45,3763,212,NA
"814","Ukraine","344","Ukraine","Ukraine",NA,"NIS","1991-1997",1994,1990,"60-69",50,59,55,1203,70,NA
"815","Ukraine","344","Ukraine","Ukraine",NA,"NIS","1991-1997",1994,1990,NA,60,69,65,339,10,NA
"816","Doege et al. 1963",NA,"United States","United States",NA,"AMR","1960",1960,1960,"0-6",0,6,3.5,13,1,0.08
"817","Doege et al. 1963",NA,"United States","United States",NA,"AMR","1960",1960,1960,"7-14",7,14,11,9,0,0
"818","Doege et al. 1963",NA,"United States","United States",NA,"AMR","1960",1960,1960,"15-29",15,29,22.5,9,0,0
"819","Doege et al. 1963",NA,"United States","United States",NA,"AMR","1960",1960,1960,"≥30",30,80,55.5,4,0,0
"820","Munford et al. 1974","197","United States","United States",NA,"AMR","1959-1970",1964,1960,"0-4",0,4,2.5,739,118,0.16
"821","Munford et al. 1974","197","United States","United States",NA,"AMR","1959-1970",1964,1960,"5-19",5,19,12.5,1494,121,0.08
"822","Munford et al. 1974","197","United States","United States",NA,"AMR","1959-1970",1964,1960,"≥20",20,80,50.5,314,14,0.04
"823","Martin 1896","113","University College Hospital","UK",NA,"EUR","1891",1891,1890,"0",0,0,1,3,2,0.67
"824","Martin 1896","113","University College Hospital","UK",NA,"EUR","1891",1891,1890,"1",1,1,1.5,6,3,0.5
"825","Martin 1896","113","University College Hospital","UK",NA,"EUR","1891",1891,1890,"2",2,2,2.5,11,5,0.45
"826","Martin 1896","113","University College Hospital","UK",NA,"EUR","1891",1891,1890,"3",3,3,3.5,8,3,0.38
"827","Martin 1896","113","University College Hospital","UK",NA,"EUR","1891",1891,1890,"4",4,4,4.5,11,5,0.45
"828","Martin 1896","113","University College Hospital","UK",NA,"EUR","1891",1891,1890,"5",5,5,5.5,5,3,0.6
"829","Martin 1896","113","University College Hospital","UK",NA,"EUR","1891",1891,1890,"6-9",6,9,8,4,1,0.25
"830","Martin 1896","113","University College Hospital","UK",NA,"EUR","1891",1891,1890,"10-14",10,14,12.5,8,0,0
"831","Martin 1896","113","University College Hospital","UK",NA,"EUR","1891",1891,1890,"15+",15,80,48,6,0,0
"832","Martin 1896","113","University College Hospital","UK",NA,"EUR","1892",1892,1890,"0",0,0,1,3,2,0.67
"833","Martin 1896","113","University College Hospital","UK",NA,"EUR","1892",1892,1890,"1",1,1,1.5,9,4,0.44
"834","Martin 1896","113","University College Hospital","UK",NA,"EUR","1892",1892,1890,"2",2,2,2.5,6,2,0.33
"835","Martin 1896","113","University College Hospital","UK",NA,"EUR","1892",1892,1890,"3",3,3,3.5,5,3,0.6
"836","Martin 1896","113","University College Hospital","UK",NA,"EUR","1892",1892,1890,"4",4,4,4.5,10,4,0.4
"837","Martin 1896","113","University College Hospital","UK",NA,"EUR","1892",1892,1890,"5",5,5,5.5,6,2,0.33
"838","Martin 1896","113","University College Hospital","UK",NA,"EUR","1892",1892,1890,"6-9",6,9,8,10,2,0.2
"839","Martin 1896","113","University College Hospital","UK",NA,"EUR","1892",1892,1890,"10-14",10,14,12.5,3,0,0
"840","Martin 1896","113","University College Hospital","UK",NA,"EUR","1892",1892,1890,"15+",15,80,48,8,1,0.13
"841","Martin 1896","113","University College Hospital","UK",NA,"EUR","1893",1893,1890,"0",0,0,1,3,3,1
"842","Martin 1896","113","University College Hospital","UK",NA,"EUR","1893",1893,1890,"1",1,1,1.5,9,6,0.67
"843","Martin 1896","113","University College Hospital","UK",NA,"EUR","1893",1893,1890,"2",2,2,2.5,22,9,0.41
"844","Martin 1896","113","University College Hospital","UK",NA,"EUR","1893",1893,1890,"3",3,3,3.5,12,6,0.5
"845","Martin 1896","113","University College Hospital","UK",NA,"EUR","1893",1893,1890,"4",4,4,4.5,12,6,0.5
"846","Martin 1896","113","University College Hospital","UK",NA,"EUR","1893",1893,1890,"5",5,5,5.5,6,2,0.33
"847","Martin 1896","113","University College Hospital","UK",NA,"EUR","1893",1893,1890,"6-9",6,9,8,15,5,0.33
"848","Martin 1896","113","University College Hospital","UK",NA,"EUR","1893",1893,1890,"10-14",10,14,12.5,5,0,0
"849","Martin 1896","113","University College Hospital","UK",NA,"EUR","1893",1893,1890,"15+",15,80,48,21,2,0.1
"850","Martin 1896","113","University College Hospital","UK",NA,"EUR","1894",1894,1890,"0",0,0,1,2,1,0.5
"851","Martin 1896","113","University College Hospital","UK",NA,"EUR","1894",1894,1890,"1",1,1,1.5,6,4,0.67
"852","Martin 1896","113","University College Hospital","UK",NA,"EUR","1894",1894,1890,"2",2,2,2.5,6,6,1
"853","Martin 1896","113","University College Hospital","UK",NA,"EUR","1894",1894,1890,"3",3,3,3.5,8,4,0.5
"854","Martin 1896","113","University College Hospital","UK",NA,"EUR","1894",1894,1890,"4",4,4,4.5,12,3,0.25
"855","Martin 1896","113","University College Hospital","UK",NA,"EUR","1894",1894,1890,"5",5,5,5.5,7,3,0.43
"856","Martin 1896","113","University College Hospital","UK",NA,"EUR","1894",1894,1890,"6-9",6,9,8,10,3,0.3
"857","Martin 1896","113","University College Hospital","UK",NA,"EUR","1894",1894,1890,"10-14",10,14,12.5,6,0,0
"858","Martin 1896","113","University College Hospital","UK",NA,"EUR","1895",1895,1890,"15+",15,80,48,7,1,0.14
"859","Martin 1896","113","University College Hospital","UK",NA,"EUR","1895",1895,1890,"0",0,0,1,1,0,0
"860","Martin 1896","113","University College Hospital","UK",NA,"EUR","1895",1895,1890,"1",1,1,1.5,17,7,0.41
"861","Martin 1896","113","University College Hospital","UK",NA,"EUR","1895",1895,1890,"2",2,2,2.5,13,4,0.31
"862","Martin 1896","113","University College Hospital","UK",NA,"EUR","1895",1895,1890,"3",3,3,3.5,7,3,0.43
"863","Martin 1896","113","University College Hospital","UK",NA,"EUR","1895",1895,1890,"4",4,4,4.5,10,3,0.3
"864","Martin 1896","113","University College Hospital","UK",NA,"EUR","1895",1895,1890,"5",5,5,5.5,8,3,0.38
"865","Martin 1896","113","University College Hospital","UK",NA,"EUR","1895",1895,1890,"6-9",6,9,8,11,0,0
"866","Martin 1896","113","University College Hospital","UK",NA,"EUR","1895",1895,1890,"10-14",10,14,12.5,4,1,0.25
"867","Martin 1896","113","University College Hospital","UK",NA,"EUR","1895",1895,1890,"15+",15,80,48,4,0,0
"868","Utah","205","Utah","USA",NA,"AMR","1947",1947,1940,"0-4",0,4,2.5,23,NA,NA
"869","Utah","205","Utah","USA",NA,"AMR","1947",1947,1940,"5-9",5,9,7.5,25,NA,NA
"870","Utah","205","Utah","USA",NA,"AMR","1947",1947,1940,"10-14",10,14,12.5,25,NA,NA
"871","Utah","205","Utah","USA",NA,"AMR","1947",1947,1940,"15-19",15,19,17.5,4,NA,NA
"872","Utah","205","Utah","USA",NA,"AMR","1947",1947,1940,"20-24",20,24,22.5,2,NA,NA
"873","Utah","205","Utah","USA",NA,"AMR","1947",1947,1940,"25-29",25,29,27.5,5,NA,NA
"874","Utah","205","Utah","USA",NA,"AMR","1947",1947,1940,"30-34",30,34,32.5,5,NA,NA
"875","Utah","205","Utah","USA",NA,"AMR","1947",1947,1940,"35-39",35,39,37.5,3,NA,NA
"876","Utah","205","Utah","USA",NA,"AMR","1947",1947,1940,"40-50",40,50,45.5,3,NA,NA
"877","Utah","205","Utah","USA",NA,"AMR","1947",1947,1940,"51-60",51,60,56,2,NA,NA
"878","Utah","205","Utah","USA",NA,"AMR","1947",1947,1940,"61-70",61,70,66,3,NA,NA
"879","Uzbekistan","204","Uzbekistan","Uzbekistan",NA,"NIS","1994-1998",1996,1990,"0-2",0,2,1.5,41,13,NA
"880","Uzbekistan","204","Uzbekistan","Uzbekistan",NA,"NIS","1994-1998",1996,1990,"3-6",3,6,5,134,30,NA
"881","Uzbekistan","204","Uzbekistan","Uzbekistan",NA,"NIS","1994-1998",1996,1990,"7-14",7,14,11,344,40,NA
"882","Uzbekistan","204","Uzbekistan","Uzbekistan",NA,"NIS","1994-1998",1996,1990,"≥15",15,80,48,708,59,NA
"883","Crum 1917","772","Washington, DC","USA","No","AMR","1908-1915",1911,1910,"<1",0,1,1,79,12,0.15
"884","Crum 1917","772","Washington, DC","USA","No","AMR","1908-1915",1911,1910,"1-4y",1,4,3,787,107,0.14
"885","Crum 1917","772","Washington, DC","USA","No","AMR","1908-1915",1911,1910,"5-9y",5,9,7.5,1262,62,0.05
"886","Crum 1917","772","Washington, DC","USA","No","AMR","1908-1915",1911,1910,"10-19y",10,19,15,1135,15,0.01
"887","Crum 1917","772","Washington, DC","USA","No","AMR","1908-1915",1911,1910,"20+",20,80,50.5,695,14,0.02
"888","Chakraborty 1970","670","West Bengal","India","Outbreak","SEAR","1963-1968",1965,1960,"0-0.5",0,0.5,0.75,5,NA,NA
"889","Chakraborty 1970","670","West Bengal","India","Outbreak","SEAR","1963-1968",1965,1960,"0.58-0.75",0.58,0.75,1.165,24,NA,NA
"890","Chakraborty 1970","670","West Bengal","India","Outbreak","SEAR","1963-1968",1965,1960,"0.83-1",0.83,0.999,1.4145,90,NA,NA
"891","Chakraborty 1970","670","West Bengal","India","Outbreak","SEAR","1963-1968",1965,1960,"1",1,1,1.5,128,NA,NA
"892","Chakraborty 1970","670","West Bengal","India","Outbreak","SEAR","1963-1968",1965,1960,"2",2,2,2.5,77,NA,NA
"893","Chakraborty 1970","670","West Bengal","India","Outbreak","SEAR","1963-1968",1965,1960,"3",3,3,3.5,51,NA,NA
"894","Chakraborty 1970","670","West Bengal","India","Outbreak","SEAR","1963-1968",1965,1960,"4",4,4,4.5,30,NA,NA
"895","Chakraborty 1970","670","West Bengal","India","Outbreak","SEAR","1963-1968",1965,1960,"5",5,5,5.5,23,NA,NA
"896","Chakraborty 1970","670","West Bengal","India","Outbreak","SEAR","1963-1968",1965,1960,"6",6,6,6.5,15,NA,NA
"897","Chakraborty 1970","670","West Bengal","India","Outbreak","SEAR","1963-1968",1965,1960,"7",7,7,7.5,11,NA,NA
"898","Chakraborty 1970","670","West Bengal","India","Outbreak","SEAR","1963-1968",1965,1960,"8",8,8,8.5,3,NA,NA
"899","Chakraborty 1970","670","West Bengal","India","Outbreak","SEAR","1963-1968",1965,1960,"9",9,9,9.5,7,NA,NA
"900","Chakraborty 1970","670","West Bengal","India","Outbreak","SEAR","1963-1968",1965,1960,"10",10,10,10.5,2,NA,NA
"901","Chakraborty 1970","670","West Bengal","India","Outbreak","SEAR","1963-1968",1965,1960,"11",11,11,11.5,0,NA,NA
"902","Chakraborty 1970","670","West Bengal","India","Outbreak","SEAR","1963-1968",1965,1960,"12",12,12,12.5,5,NA,NA
"903","Chakraborty 1970","670","West Bengal","India","Outbreak","SEAR","1963-1968",1965,1960,"13",13,13,13.5,1,NA,NA
"904","Chakraborty 1970","670","West Bengal","India","Outbreak","SEAR","1963-1968",1965,1960,"14",14,14,14.5,0,NA,NA
"905","Jones 1985",NA,"Yemen","Yemen",NA,"EMR","1981-82",1981,1980,"0-4",0,4,2.5,98,NA,NA
"906","Jones 1985",NA,"Yemen","Yemen",NA,"EMR","1981-82",1981,1980,"5-9",5,9,7.5,40,NA,NA
"907","Jones 1985",NA,"Yemen","Yemen",NA,"EMR","1981-82",1981,1980,"10-14",10,14,12.5,4,NA,NA
"908","Jones 1985",NA,"Yemen","Yemen",NA,"EMR","1981-82",1981,1980,"≥15",15,80,48,1,NA,NA
"909","Crighton 1860","733",NA,NA,"Outbreak",NA,"1860",1860,1860,"0-4y",0,4,2.5,12,NA,NA
"910","Crighton 1860","733",NA,NA,"Outbreak",NA,"1860",1860,1860,"5-9y",5,9,7.5,13,NA,NA
"911","Crighton 1860","733",NA,NA,"Outbreak",NA,"1860",1860,1860,"10-14y",10,14,12.5,10,NA,NA
"912","Crighton 1860","733",NA,NA,"Outbreak",NA,"1860",1860,1860,"15+",15,80,48,10,NA,NA
"913","Wilson 1991","713","Ontario, Canada","Canada","Outbreak","AMR","1984-1985",1984,1980,"0-0y",0,0,0.5,6,NA,NA
"914","Wilson 1991","713","Ontario, Canada","Canada","Outbreak","AMR","1984-1985",1984,1980,"1-4y",1,4,3,14,NA,NA
"915","Wilson 1991","713","Ontario, Canada","Canada","Outbreak","AMR","1984-1985",1984,1980,"5-14y",5,14,10,38,NA,NA
"916","Wilson 1991","713","Ontario, Canada","Canada","Outbreak","AMR","1984-1985",1984,1980,"15-70y",15,70,43,9,NA,NA
